"Program","What It Is","Money Direction","Participant Pay or Cost 2026","Referral / Partner Economics","Location","Duration","Stage","Selectivity","Status 2026","Source"
"AmeriCorps NCCC — Traditional Corps","10-month team-based national service for adults 18-24; crews deploy to nonprofits, federal agencies, and disaster sites for environmental stewardship, infrastructure, and community development.","YOU GET PAID","Modest living allowance (AmeriCorps states 'equivalent of ~$12.60/hr' for NCCC package in 2023; FY2026 exact dollar unverified) + communal housing + meals + travel covered + limited health benefit + Segal Education Award of ~$7,395 upon completion. End-of-service cash stipend alternative ~$1,800.","None — direct application only (americorps.gov). No recruiter commission or referral bonus.","Nationwide, deployed from campuses in Sacramento CA and Aurora CO","10-11 months","Gap year / post-high school or post-college","Moderate; ~500 volunteers per year total across all NCCC tracks","ACTIVE — accepting applications for FEMA Corps (apply July-Oct 2026), Forest Corps (Nov 2026-Mar 2027), Traditional Corps (Mar-Jun 2027). Program survived 2025 AmeriCorps funding cuts; NCCC FEMA Corps members were briefly demobilized in 2025 but program restored under FY2026 Consolidated Appropriations Act (P.L. 119-75, Feb 2026).","https://www.americorps.gov/serve/americorps/americorps-nccc"
"AmeriCorps NCCC — FEMA Corps","Specialized 10-month track within NCCC; members work alongside FEMA staff on disaster preparedness, mitigation, response, and recovery. Must be U.S. citizen.","YOU GET PAID","Same NCCC compensation package as Traditional Corps: living allowance (FY2026 exact dollar unverified; compensation package equivalent approx. $12.60/hr per 2023 data) + communal housing + meals + all program travel + limited health benefit + Segal Education Award ~$7,395 upon completion.","None — direct application only.","Nationwide; may train at FEMA Emergency Training Center (Emmitsburg MD) or FEMA Incident Workforce Academy (Anniston AL)","10-11 months","Gap year / post-high school or post-college","Moderate; subset of 500 total NCCC slots","ACTIVE — applications open July 1 – Oct 19, 2026; service Jan/Feb – Nov 2027.","https://www.americorps.gov/serve/americorps/americorps-nccc"
"AmeriCorps NCCC — Forest Corps","10-month NCCC track partnered with the U.S. Forest Service; crews work on wildfire risk mitigation, fuels reduction, reforestation, and resource management. Must be U.S. citizen.","YOU GET PAID","Same NCCC compensation package: living allowance (FY2026 exact dollar unverified) + communal housing + meals + travel + limited health benefit + Segal Education Award ~$7,395 upon completion.","None — direct application only.","Nationwide federal forest lands","10-11 months","Gap year / post-high school or post-college","Moderate; subset of 500 total NCCC slots","ACTIVE — applications open Nov 2026 – Mar 2027; service May/June 2027 – Apr 2028.","https://www.americorps.gov/serve/americorps/americorps-nccc"
"AmeriCorps VISTA","One-year anti-poverty capacity-building program; members serve full-time with nonprofits and public agencies to expand program capacity, not deliver direct service. Placements nationwide.","YOU GET PAID","Living allowance based on 105% of federal poverty level for single person in service area (varies by county; e.g., one Michigan listing showed $1,119/biweekly pre-tax ≈ $29,100/yr) + upon completion: Segal Education Award $7,395 OR cash stipend ~$1,800 (choose one). Health insurance, student loan forbearance with interest paid, childcare assistance if eligible.","None — direct application through My AmeriCorps portal.","Nationwide, 50 states + territories","1 year (full-year) or 10 weeks (Summer Associate)","Gap year / post-college","Low-moderate; many openings posted year-round","ACTIVE — program operating. Note: ~80% of AmeriCorps State & National grants were terminated April 2025 but courts ordered restoration and FY2026 Consolidated Appropriations Act (P.L. 119-75) restored funding. VISTA grants were separately maintained and less disrupted.","https://www.americorps.gov/members-volunteers/vista/benefits"
"AmeriCorps State & National (general)","Federal grants fund hundreds of nonprofit programs that place AmeriCorps members in community service roles across education, disaster, economic opportunity, veterans, and environment focus areas.","YOU GET PAID","FY2026 minimum full-time living allowance: $20,400/yr ($12/hr) per FY2025 policy (FY2026 rate unverified from AmeriCorps.gov directly; FY2025 set at $20,400). Maximum living allowance up to $33,200+/yr depending on program/location. Segal Education Award $7,395–$7,397 upon full-term completion. Health insurance for full-time members.","None for participants — direct application. Individual grantee organizations sometimes hire campus recruiters (paid staff positions) but no commission paid to outside referrers.","Nationwide, 50 states + territories","10-12 months (full-time); shorter part-time options","Gap year / post-high school or post-college","Varies by program; overall thousands of openings annually","ACTIVE WITH CAUTION — approximately 41% of AmeriCorps grants were terminated April 25, 2025 by Trump administration. Federal court injunctions (June 2025) and FY2026 Consolidated Appropriations Act (P.L. 119-75, Feb 2026) restored substantial funding. Program operating in FY2026 but future uncertain; Trump FY2027 budget proposed eliminating AmeriCorps entirely.","https://www.americorps.gov/funding-opportunity/fy-2026-americorps-state-national-grants"
"City Year (AmeriCorps State & National operator)","AmeriCorps operator placing full-time corps members as student success coaches in high-need urban K-12 schools across 29 U.S. cities; 11-month term, 1,700 service hours.","YOU GET PAID","Biweekly living stipend (pre-tax) varies by city for 2025-2026 school year: $907 (Columbia SC/New Hampshire) to $1,386 (Bay Area) biweekly. Annualized range approx. $23,600-$36,000/yr. Plus: health/dental/vision insurance, $500 relocation allowance (50+ miles), Segal Education Award $7,397 upon completion, student loan forbearance, childcare if eligible.","None — direct application at cityyear.org. No affiliate or recruiter commission.","29 cities nationwide including Boston, Chicago, Los Angeles, New York, Miami, Sacramento, Seattle, Washington DC, and more","11 months (Aug-June, school year)","Gap year / post-high school or post-college","Moderate; several thousand corps members annually","ACTIVE — City Year confirmed operating for 2025-2026 year with full stipend tables posted.","https://www.cityyear.org/experience/benefits-resources/compensation/"
"Teach For America","2-year paid teaching corps; corps members are hired as full-time teachers by partner school districts and charter networks in low-income communities. Not an AmeriCorps stipend program — members earn a teacher salary.","YOU GET PAID","District salary of $32,000-$72,000/yr depending on region (paid by school district). TFA also provides: summer training living stipend $3,000-$6,500, need-based grants and loans, access to grad school scholarships. No Segal Education Award (not AmeriCorps-linked).","None for outside referrers. TFA operates a campus recruiting infrastructure with paid TFA staff; no commission to external counselors or agents.","50+ regions nationwide in high-need communities","2 years (minimum commitment)","Post-college (most corps members are recent graduates; some career changers)","Selective; ~12-15% acceptance rate reported historically","ACTIVE — continuing operations.","https://www.teachforamerica.org/corps/salary-and-benefits"
"Public Allies (AmeriCorps State & National operator)","10-month AmeriCorps apprenticeship program placing young adults 18-30 at nonprofit organizations 4 days/week plus weekly leadership training. 1,700 service hours. $6.6M AmeriCorps grant announced July 2026 for 288 apprenticeships.","YOU GET PAID","$22,000 total living stipend (taxable) over 10-month full-time term (confirmed for 2025-2026 at Pittsburgh site). Part-time: $8,500. Plus: health care, child care subsidy, monthly bus pass, Segal Education Award $7,395 upon completion, student loan forbearance.","None — direct application at publicallies.org.","Multiple cities nationwide (Milwaukee, Chicago, Cincinnati, Albuquerque, and others); 288 positions in FY2026 grant","10 months","Gap year / post-high school or early career","Moderate","ACTIVE — received $6.6M AmeriCorps grant July 2026 to place 288 apprentices.","https://publicallies.org/be-an-ally/"
"College Possible (AmeriCorps State & National operator)","AmeriCorps program placing coaches in high schools and colleges to help low-income students prepare for and succeed in college. 2026-2027 service year starts August 2026.","YOU GET PAID","Full-time First-Year Coach: $23,040/yr ($1,001.74 biweekly) in some locations; $25,800/yr ($1,121.73 biweekly) in other locations. Three-quarter-time: ~$20,900-$23,000/yr. Plus: education award (Segal), healthcare. Final 2026-2027 compensation to be posted Jan 2027.","None — direct application at collegepossible.org.","Minnesota (Twin Cities), Oregon (Portland), Wisconsin (Milwaukee), Nebraska (Omaha), Pennsylvania (Philadelphia), and other states","10-11 months (school year)","Gap year / post-college","Moderate","ACTIVE — Note: College Possible Philadelphia closed during 2025 AmeriCorps funding chaos; other sites confirmed operating.","https://collegepossible.org/americorps/"
"Reading Partners (AmeriCorps State & National operator)","AmeriCorps program placing full-time literacy intervention coordinators and community engagement leads in elementary school reading centers across 10+ states. Members tutor students and manage volunteer tutors.","YOU GET PAID","Living allowance varies by region: approx. $22,100 (Tulsa, SC) to $28,100 (NYC, SF Bay Area, Silicon Valley) for the service year (2023-24 figures; 2026 unverified). Plus: $500 mid-year bonus + $3,000 end-of-year bonus + medical/dental/vision + transit reimbursement $127/mo + Segal Education Award ~$7,395.","None — direct application at readingpartners.org.","Washington DC, Maryland, New Jersey, California, Texas, Minnesota, Washington state, Oklahoma, South Carolina, New York, Colorado","~11 months (Aug-July)","Gap year / post-high school or post-college","Low-moderate; ~350+ members per year","ACTIVE — program continued operating through 2025 funding disruptions.","https://readingpartners.org/get-involved/americorps/"
"Habitat for Humanity AmeriCorps","AmeriCorps State & National operator placing members at local Habitat affiliates to coordinate construction volunteers, assist home builds, and strengthen organizational capacity. Full-time 10.5-12 month positions.","YOU GET PAID","Living allowance: minimum $18,700 for full-time 10.5-month term; 12-month positions range $24,893-$40,757 depending on location. Some affiliates add housing stipend (e.g., Bay Area EBSV: additional $1,500-$1,800/mo toward rent). Segal Education Award ~$7,395 upon completion. Health coverage.","None — apply at habitat.org or through My AmeriCorps. No external referral fee.","Nationwide at local Habitat affiliates (Twin Cities, Bay Area, and many others confirmed for 2026)","10.5-12 months","Gap year / post-college","Low-moderate; many affiliate sites","ACTIVE — Twin Cities Habitat for Humanity confirmed 2026 positions active and accepting rolling applications. Program survived 2025 AmeriCorps disruptions.","https://www.habitat.org/volunteer/long-term-opportunities/americorps/benefits-americorps-service"
"Green City Force (AmeriCorps State & National operator)","6-10 month AmeriCorps workforce development program for NYCHA/affordable housing residents 18-24 in New York City; members serve 4 days/week in green economy service projects and 1 day/week in career training.","YOU GET PAID","Monthly stipend (exact FY2026 dollar amount unverified on operator's site) + unlimited monthly MetroCard + Segal Education Award upon completion + wraparound support services + career services.","None — direct application at greencityforce.org. No affiliate commission.","New York City (NYCHA developments)","6-10 months","Gap year / early career","Moderate; limited to NYC NYCHA/affordable housing residents","ACTIVE — program website recruiting year-round for 2026.","https://greencityforce.org/service-corps/"
"Peace Corps","Federal volunteer program placing Americans abroad for 27 months (2-3 months training + 24 months service) in education, health, agriculture, environment, youth development, and economic development sectors.","YOU GET PAID","Monthly living allowance (amount set country-by-country to match local modest lifestyle; not a U.S. wage). Free housing. Round-trip flights. Paid vacation. Readjustment allowance of $375/month of service paid as lump sum at completion (~$10,500 for full 27 months). Medical/dental during service.","None — direct application at peacecorps.gov. No affiliate or recruiter commission.","~60 countries across Africa, Asia, Latin America, Eastern Europe, Pacific Islands","27 months (3 months training + 24 months service)","Post-college; minimum age 18, no upper limit","Moderate-selective; specific language/sector skills valued","ACTIVE — Peace Corps continues operating. Note: Peace Corps has faced its own federal budget pressures under Trump administration but was not terminated as of August 2026.","https://www.peacecorps.gov/ways-to-serve/volunteer-benefits/"
"California Conservation Corps (CCC)","California state program (not AmeriCorps) providing paid conservation service and job training for youth 18-25. Residential and non-residential options. Crews do forestry, wildfire, flood control, trails, and disaster response.","YOU GET PAID","$2,814/month stipend at entry level (before taxes). Residential members: $500/month maintenance fee deducted, net $2,314/month. Promotional levels: $2,904 (first promotion), $2,967 (second promotion). Scholarships up to $8,000/year. Emergency Excess Time paid separately. Health benefits.","None — direct application at ccc.ca.gov. California state program.","California statewide (residential centers and non-residential community crews)","Typically 1-2 years; self-paced","Gap year / early career; 18-25 years old","Low; open to all income levels, California resident preferred","ACTIVE — California state program, not dependent on federal AmeriCorps grants.","https://ccc.ca.gov/corpsmember-benefits/stipend-scholarships-supplies/"
"California Climate Action Corps Fellowship (CCAC)","California AmeriCorps fellowship placing 400 fellows with host partners in underserved communities statewide for 11 months; focus on urban greening, organic waste recovery, and wildfire resiliency. State-level successor to terminated federal American Climate Corps.","YOU GET PAID","$35,250 living allowance (pre-tax) paid biweekly over 11 months. Combined $10,000 education award (Segal Education Award + California for All Education Award) upon completion. Student loan forbearance with interest paid. Childcare assistance. SNAP eligibility. Up to $300 professional development stipend.","None — direct application at caclimateactioncorps.org. California Volunteers / AmeriCorps program.","California statewide (principally underserved communities)","11 months (September 2026 – August 2027)","Gap year / post-college; must be 18+","Moderate; 400 positions for 2026-2027 cohort","ACTIVE — applications open May 1-July 31, 2026 for September 21, 2026 start. State-funded successor to terminated federal American Climate Corps (terminated by executive order Jan 2025).","https://www.californiavolunteers.ca.gov/california-climate-action-corps-fellowship/"
"Washington Conservation Corps (WCC)","AmeriCorps State & National program operated by Washington State Department of Ecology; conservation crews do habitat restoration, trail construction, invasive species control, and environmental education. Ages 18-25.","YOU GET PAID","Biweekly stipend (exact amount unverified from operator page) + health insurance + AmeriCorps Education Award upon completion: $7,395 (full term), $5,176.50 (three-quarter term), $1,956.35 (quarter term) + student loan forbearance with interest paid.","None — apply at ecology.wa.gov/wcc.","Washington state","Varies: full-term (~9 months), three-quarter, or quarter-term; summer positions June 8 – Sept 10, 2026","Gap year; ages 18-25","Low-moderate; 25+ positions for summer 2026","ACTIVE — recruiting 25+ summer 2026 positions (June-Sept 2026) for trail maintenance and habitat restoration.","https://ecology.wa.gov/about-us/jobs-at-ecology/washington-conservation-corps/join-wcc"
"Montana Conservation Corps (MCC)","AmeriCorps conservation corps based in Montana; field crews and individual placements do trail construction, habitat restoration, wildfire mitigation, and natural resource projects across Montana and surrounding states. Ages 18+.","YOU GET PAID","Field Support Technician (seasonal, 2026): $1,440 biweekly (before taxes) + $3,697.50 Education Award + free health insurance. Conservation Fellow positions: $750 biweekly + $2,474 Education Award + free health insurance. Member Assistance Program. Public Lands Service Corps federal hiring preference.","None — apply at mtcorps.org.","Montana and surrounding states (Idaho, Wyoming, the Dakotas)","Seasonal (spring through fall) or year-round for some roles; Conservation Fellow: part-year","Gap year; ages 18+ (some roles 21-35)","Low-moderate; many seasonal openings","ACTIVE — accepting 2026 season applications; some roles filled, others still open as of mid-2026.","https://www.mtcorps.org/joinmcc/open-positions/current-open-positions.html"
"Student Conservation Association (SCA)","Largest youth conservation organization; places teens and young adults in paid conservation internships and crew positions at national parks, forests, and urban green spaces. Many positions carry AmeriCorps education awards.","YOU GET PAID","Varies by position: many SCA positions offer stipends (amount varies; unverified specific FY2026 dollar from operator site). Some positions also carry AmeriCorps Segal Education Award. Academic credit available. Benefits include hands-on training and housing for residential positions.","None — direct application at thesca.org.","Nationwide: national parks, forests, marine sanctuaries, and urban green spaces in 30+ states","Varies: 12-week summer positions to 52-week individual placements","High school age through young adult; teens (15+) and adults 18+","Low-moderate; 100,000+ participants since founding","ACTIVE — posting 2026 seasonal positions. Some SCA positions linked to AmeriCorps grants may have been affected by 2025 cuts.","https://thesca.org/join-the-crew"
"Conservation Legacy — Arizona Conservation Corps (AZCC)","AmeriCorps conservation corps program of Conservation Legacy operating in Arizona; field crews do habitat restoration, trail work, invasive species removal, and watershed projects on public lands.","YOU GET PAID","Living allowance (Conservation Legacy Individual Placement listings confirm stipend + living allowance for 2026 term; exact AZCC amount unverified on azcorps.org). AmeriCorps Education Award ~$7,395 (full term) upon completion. Health insurance.","None — apply at azcorps.org or conservationlegacy.org.","Arizona (and public lands in surrounding Southwest)","Varies: seasonal crews (3-6 months) and individual placements (12 months)","Gap year; ages 17+","Low-moderate","ACTIVE — Individual Placement listings show 01/01/2026-12/31/2026 terms open across AZ, CO, NC, NM, VA, TN, WV.","https://azcorps.org/about"
"WWOOF USA","Work-exchange network matching volunteers (WWOOFers) with organic farms for roughly 25 hrs/week of farm labor in return for room and board. No cash changes hands between host and WWOOFer. Minimum age 18.","NET NEUTRAL","Membership fee: $40/year solo, $65/year joint (confirmed from wwoof.net membership-terms PDF, March 2026). Hidden costs: participant pays all transport to/from farm, must carry travel/medical insurance. Flights can add $200–$1,500+. Zero farm stipend.","None published. WWOOF USA does not operate an affiliate or referral program.","USA (1,100+ host farms across all 50 states)","Days to months; flexible","Gap year / exploration","Low — open application; hosts choose whom to accept","Active. Note: WWOOF USA requires insurance; unvetted placements carry real safeguarding risk — no background checks on hosts. Exploitation incidents documented in press.","https://wwoofusa.org"
"WWOOF Independents","Same WWOOF model but covers 80+ countries without their own national organization. One membership unlocks hosts across all those countries. Managed by the Federation of WWOOF Organizations (FoWO).","NET NEUTRAL","Membership fee: $35/year (individual), $55 dual (confirmed help.wwoof.net March 2026 table). Same hidden costs as WWOOF USA: flights, visa, insurance.","None published.","Worldwide (80+ countries without a national WWOOF org)","Flexible","Gap year / exploration","Low","Active. Same safeguarding caveats as WWOOF USA.","https://wwoof.net/independents"
"WWOOF Italy / France / Germany","Country-specific WWOOF memberships. Italy: €40 individual, €80 dual. France: €28/€34. Germany: €35/€55. Each is a separate purchase and covers only that country.","YOU PAY","Italy €40, France €28, Germany €35 (individual, annual, verified help.wwoof.net March 2026). Must add flights — typically $600–$1,200 round-trip from US — plus insurance. All-in first year: roughly $800–$1,400+ per country. Reclassify as YOU PAY for first year abroad.","None published.","Italy / France / Germany respectively","Flexible","Gap year / immersion","Low","Active. Same safeguarding caveats. WWOOF Italy has had documented labor-law compliance issues.","https://help.wwoof.net/hc/en-us/articles/16654242038941"
"Workaway","Global work-exchange directory with 50,000+ host opportunities in 170+ countries. Volunteers offer 4–5 hrs/day of help (hostel work, teaching, farm, care) in return for room and board. Platform only; individual hosts set their own terms.","NET NEUTRAL","Membership: US$69/year solo, US$79/year couple (confirmed workaway.info signup page 2026). Flights and insurance are additional and can easily total $1,000+. Some hosts charge an extra daily fee — not standard but present.","Active affiliate program: monthly PayPal commission per successful referral. Member referral tier: 3 months free membership per referral (up to 2 years free with 8 referrals). After 8 referrals, invited to formal Affiliate program with cash commission. Exact commission rate not publicly disclosed — described as 'monthly commission via PayPal'. Source: workaway.info/en/community/affiliates and workaway.info/en/stories/travel-long-term-free.","Worldwide (170+ countries)","Typically weeks to 3 months per placement","Gap year / exploration","Low — open application","Active. Safeguarding risk: unvetted hosts; incidents of labor exploitation and personal safety issues documented. Background checks not mandatory. Orphanage-style placements exist — now widely condemned by child-safeguarding bodies.","https://www.workaway.info"
"Worldpackers","Work-exchange platform with 50,000+ verified host positions globally. Emphasizes safety with WP Safeguard (emergency accommodation reimbursement up to $59–$399 depending on plan) and double-blind reviews. Max 32 volunteer hours/week.","NET NEUTRAL","Membership: US$59/year solo, US$69/year couples (verified worldpackers.com/get_verified, 2026). Premium 'Pack Plus' plans: US$139–$159. Flights and insurance additional. Some hosts charge extra collaboration fee — verify before confirming. Referral affiliate discount: Affiliates give users US$10 off first purchase.","Guru Program: members with 2+ positive reviews earn cash commission per conversion using their Expert code. One testimonial cites US$1,200+ earned. Blogger program pays US$50–$160 per approved article. Creator program pays monthly for social media content. Affiliate promo codes give referred buyers US$10 off. Source: worldpackers.com/programs.","Worldwide (140+ countries)","Typically 1 week to 3 months per placement","Gap year / exploration","Low-moderate — hosts individually pre-approve applicants","Active. WP Safeguard adds meaningful protection vs other platforms.","https://www.worldpackers.com"
"HelpX","Peer-to-peer work-exchange directory. Helpers offer ~4 hrs/day in return for accommodation and meals. Covers farms, homestays, hostels, boats, ranches in 140+ countries. One of the oldest platforms (launched early 2000s).","NET NEUTRAL","Premier helper upgrade: €20 for 2 years (verified helpx.net/faq and helpx.net/registerchoice, 2026). No separate annual fee after that. Flight/insurance costs additional. Hosts listed for free. Very low platform cost.","None published.","Worldwide (strong in Australia, NZ, Europe)","Days to months; flexible","Gap year / exploration","Low — direct contact; no formal vetting","Active. No background checks. Free-tier hosts can see helpers but premium required to initiate contact. Lower safeguarding infrastructure than Worldpackers.","https://www.helpx.net"
"HelpStay","Work-exchange and volunteer-stay platform focused on 'Hospitality First' model. 2,500+ vetted hosts in 100+ countries — all screened and approved by the HelpStay team before listing.","NET NEUTRAL","Annual membership: €42.99 solo, €51.99 couple/friends (confirmed helpstay.com FAQ pages and comparison sources, 2026). Some hosts charge additional daily fees (example listings show €22–€25/day for some placements). Flights and insurance extra.","None publicly documented.","Worldwide (100+ countries)","Flexible","Gap year / exploration","Low","Active. User reviews note interface less polished than competitors; host vetting more selective than HelpX but complaints about consistency.","https://helpstay.com"
"Trusted Housesitters (Sitter membership)","Pet-sitting exchange platform: sitters care for pets and homes of absent owners, with free accommodation provided in return. No cash changes hands between homeowner and sitter. Both parties pay separate annual memberships.","NET NEUTRAL","Sitter membership: approximately US$129 (Basic), US$189 (Standard), US$259 (Premium) per year (unverified exact USD sitter tier — pricing page showed Pet Parent tiers US$149/229/299; sitter tiers differ). Pet Parent Basic US$149/year confirmed. No sitter is paid; no homeowner pays sitter. Flights to reach sits are participant's own cost — this can be significant.","Refer-a-Friend: active members earn 2 months free per friend who joins; referred friend gets 25% off their membership (confirmed trustedhousesitters.com/blog/news/referring-a-friend-how-it-works, 2022 — program still active per forum posts Feb 2026). Affiliate program for content creators with 5,000+ followers: competitive commission via Impact.com, 30-day cookie. Details: trustedhousesitters.com/pages/affiliates/.","Worldwide (sits concentrated in USA, UK, Europe)","Days to months","Gap year / travel","Moderate — homeowners choose sitters from applicants","Active. Well-established safeguarding: background checks available, reviews system. Sitters must transport themselves to each sit.","https://www.trustedhousesitters.com"
"Caretaker Gazette","Print and online newsletter (since 1983) listing property caretaking and house-sitting positions. Many positions offer rent-free living in exchange for maintenance, caretaking, or housesitting labor. Published bimonthly; email updates several times a week.","NET NEUTRAL","Subscription: $39.95/year (confirmed caretaker.org, July/August 2026 Issue #262 active). Some positions pay a small salary; others are room-only. Positions are highly varied — some include stipend, vehicle, utilities. Flights to remote positions are own cost.","None published.","USA (all 50 states) and worldwide","Weeks to multi-year","Gap year / long-term","Moderate — positions are individually negotiated","Active. No position vetting by Gazette — due diligence is participant's own responsibility (per their Terms of Use).","https://caretaker.org"
"Findacrew.net (sailing passages)","World's largest online crew-boat matching network. Crew members offer sailing labor in return for a berth (free accommodation aboard). Positions range from recreational passages to longer delivery trips. Free to register; Premium required to exchange contact details.","NET NEUTRAL","Registration is free. Premium membership required for messaging (pricing not publicly listed on main page; approximately US$50–$100/year per external sources). Many positions are unpaid berth-for-crew; some ask crew to contribute to fuel/food. Flights to departure port are own cost. Crew may contribute to provisions on recreational passages — verify terms before accepting.","None published.","Worldwide (200+ countries)","Days to months per passage","Gap year / adventure","Moderate — skippers choose crew individually","Active. Safeguarding risk: at-sea situations require careful vetting — the site explicitly warns users to ask extensive questions before boarding.","https://www.findacrew.com"
"Australia Work and Holiday Visa (Subclass 462)","Open-work visa for US citizens to live and work in Australia for 12 months (extendable to 3 years via regional work). Note: US citizens use subclass 462, NOT 417 — a common error in most guides. Requires tertiary education evidence (at least 2 years of university).","YOU GET PAID","Visa fee AUD $840 (~USD $545) paid upfront. Proof of funds required. Typical wages AUD $24–30/hr (minimum wage AUD $24.10/hr in 2026). Hospitality and farm work earns AUD $2,500–4,500/mo. Net positive over a 12-month stay by $15,000–30,000 AUD after costs.","No formal affiliate scheme for the visa. Third-party agents (not endorsed by Home Affairs) charge AUD $200–500 for application help. Working holiday placement agencies (farm, hospitality) charge employers AUD $0–500 finder fees, unpublished.","Australia (any region; regional work required for year 2/3 extension)","12 months; extendable to 24 months (regional work) or 36 months","Gap year / post-grad","Low — apply online, no interview; cap applies but historically generous for US","OPEN to US citizens. Age 18–30 at application. US is NOT eligible for 417.","https://immi.homeaffairs.gov.au/visas/getting-a-visa/visa-listing/work-holiday-462"
"Australia Working Holiday Visa (Subclass 417)","The more commonly advertised Australian working holiday visa. Covers UK, Ireland, Canada, and many European passport holders. US citizens are NOT eligible — this is the single most common error in gap-year advice.","NET NEUTRAL","N/A for US citizens — CLOSED to US passport holders. Use 462 instead.","N/A","Australia","N/A","N/A","N/A","CLOSED to US citizens. US is ineligible for subclass 417.","https://immi.homeaffairs.gov.au/visas/getting-a-visa/visa-listing/work-holiday-417"
"New Zealand Working Holiday Visa (US scheme)","Open-work visa to live and work anywhere in New Zealand for 12 months. US scheme is uncapped — apply any time, no waiting for an annual quota opening.","YOU GET PAID","Visa fee NZD $770 + NZD $100 IVL levy (~USD $530 total). Proof of NZD $4,200 funds required. Minimum wage NZD $23.15/hr (2026). Typical hospitality/farm wages NZD $2,500–4,000/mo. Net positive over 12 months by NZD $10,000–25,000 after setup costs.","No official affiliate. Working holiday starter packages (accommodation + bank setup) sold by operators like KILROY for GBP $200–400 targeting European holders; similar services target US holders.","New Zealand","12 months; 3-month extension possible via 3 months of horticulture/viticulture work","Gap year / post-grad","Low — apply online, US scheme uncapped","OPEN to US citizens. Age 18–30.","https://www.immigration.govt.nz/work/working-holiday-visas/who-can-apply-for-a-working-holiday-visa/"
"Ireland Working Holiday Authorisation (J1 WHA)","Bilateral Working Holiday Authorisation allowing US citizens to live and work in Ireland for up to 12 months. Applied for through Irish consulates in the US. Requires current enrollment in full-time post-secondary education or graduation within prior 12 months.","YOU GET PAID","WHA fee $270 (charged by Irish consulate). €300 Irish Residence Permit fee if staying >90 days. Irish minimum wage approximately EUR 13.50/hr in 2026. Hospitality, retail, office work typical. Must show $1,500 in bank. Net positive over 12 months; entry-level hospitality earns EUR 1,800–2,500/mo.","No affiliate program. USIT and similar youth travel agencies sell add-on starter packages (accommodation, orientation) for USD $300–600.","Ireland","Up to 12 months","Must be current student or recent grad (within 12 months)","Low — apply by post/in person to consulate; no annual cap published","OPEN to US citizens. Age 18+. Must be in full-time post-secondary education or recent grad.","https://ireland.ie/en/dfa/visas-for-ireland/us-ireland-holiday-working-agreement-j1/"
"South Korea Working Holiday Visa (H-1) — US WEST Program","Open-work visa for US citizens to live and work in South Korea. US route is the WEST (Work, English Study, Travel) program administered by NIIED/Korean consulate. Unique: no age limit for US citizens, but requires current higher education enrollment or graduation within 1 year.","YOU GET PAID","Visa fee ~USD $45. Annual quota 2,000 for US citizens. Proof of KRW 3,000,000 (~USD $2,200) funds required. Typical wages: service/hospitality KRW 2,000,000–3,000,000/mo; English tutoring at hagwons KRW 2,000,000–2,500,000/mo permitted on H-1 for native English speakers with degree. Max 25 hrs/week for most work types.","No formal affiliate. NIIED administers directly. Hagwon recruiters charge employers 1 month's salary (~KRW 2,000,000) placement fee, unpublished to applicants.","South Korea (any region)","12 months; not extendable, one per lifetime","Must be current higher education student or recent grad","Low-Moderate — quota of 2,000/yr for US fills; apply early in annual cycle","OPEN to US citizens. NO age limit for US nationals. Must be enrolled in or recently graduated from higher education.","https://koreaworkexpert.com/working-holiday-h1-visa-korea-2026/ (citing Korean Ministry of Justice March 2026 manual)"
"Singapore Work Holiday Programme (WHP)","Highly selective 6-month open-work pass for students/recent grads from 7 countries including USA. Only 2,000 places/year total across all nationalities. Singapore does not have a national minimum wage so market salaries apply.","YOU GET PAID","Application IPA: free online. Pass issuance fee SGD $175 (~USD $130). Proof of SGD $2,500 funds required. Office/tech/finance salaries SGD $2,500–4,500/mo (~USD $1,850–3,300). Hospitality SGD $1,800–2,800/mo. No CPF deductions for WHP holders so gross is close to net. Very high-value vs other Asian WHVs.","No affiliate program. MOM issues directly; no third-party fee permitted in the application process.","Singapore","6 months; no extension, no second WHP per lifetime","Must be current university student OR graduate within past 6 months","High — quota 2,000/yr total; eligible only if enrolled or graduated within 6 months from MOM-recognised university","OPEN to US citizens. Age 18–25 STRICTLY (no exceptions). Must be current student or grad within 6 months.","https://www.mom.gov.sg/passes-and-permits/work-holiday-programme/apply-for-a-pass"
"Japan Working Holiday Programme","Japan has WHV agreements with 32 countries as of April 2026. The United States is NOT among them. This is the most commonly cited incorrect 'open' pathway for US gap-year students wanting to work in Japan.","NET NEUTRAL","N/A — CLOSED to US citizens. US citizens can visit Japan visa-free for 90 days but cannot legally work.","N/A","Japan","N/A","N/A","N/A","CLOSED to US citizens. Japan's WHV list (32 countries as of April 1, 2026) does not include the United States.","https://www.mofa.go.jp/j_info/visit/w_holiday/index.html"
"Taiwan Working Holiday Visa","Taiwan has WHV agreements with 17 countries as of 2026. The United States is NOT included. Commonly mislisted as open to US citizens in blog posts.","NET NEUTRAL","N/A — CLOSED to US citizens. Taiwan's 17 partner countries include Australia, NZ, Canada, UK, Germany, Ireland, France, and various European nations but not the USA.","N/A","Taiwan","N/A","N/A","N/A","CLOSED to US citizens. Taiwan BOCA partner list for 2026 does not include USA.","https://faqs.tw/en/fitw-working-holiday"
"Canada IEC (International Experience Canada)","Canada's working holiday program requires a Youth Mobility Agreement (YMA) with Canada. The United States does NOT have a YMA with Canada, so US citizens are NOT eligible for the IEC Working Holiday permit through the standard route. EXCEPTION: SWAP Working Holidays (a Recognized Organization) lists US citizens as eligible — this is the only documented pathway.","YOU GET PAID","SWAP Working Holidays route: program fee approx. CAD $500–800. Canadian minimum wage varies by province (CAD $17–20/hr). Ski resort / hospitality / farm work CAD $2,500–4,500/mo. Net positive over 12-month stay.","SWAP Working Holidays charges a program fee (approx. CAD $500–800) directly to participants. No published affiliate commission structure.","Canada (British Columbia, Ontario, Quebec most popular for US holders)","Up to 12 months","Must apply via SWAP Working Holidays (Recognized Organization); age 18–35","Moderate — SWAP has limited quota for US holders; apply early in annual IEC season","OPEN to US citizens only via SWAP Working Holidays (Recognized Organization). Standard IEC route is CLOSED to US citizens without YMA.","https://www.canada.ca/en/immigration-refugees-citizenship/services/work-canada/iec/recognized-organizations.html"
"JET Programme (Japan)","Prestigious Japanese government program placing university graduates as Assistant Language Teachers (ALTs) or Sports Exchange Advisors in Japanese schools and local government. Full salary, one-year contract, renewable up to 5 years. Largest government-sponsored language assistant program in the world.","YOU GET PAID","Starting salary JPY 3,360,000/year (approx. USD $22,400 at 2026 rates) for Year 1 ALT. Rises to JPY 3,960,000 by Year 3. Housing subsidy provided. Health insurance included. Return airfare paid. Modest program costs (visa fee, medical exam ~USD $200). Net positive — no program fee charged to participants.","No affiliate/recruiter fees. JET is a direct government-to-government program administered by CLAIR. Recruitment agencies that 'help' applicants charge nothing legitimate — JET prohibits fee-charging intermediaries.","Japan (placements nationwide; cities and rural areas)","1 year, renewable up to 5 years","Must hold bachelor's degree by program start; no age cap officially, but most successful applicants are 22–35","High — competitive; ~5,000 US positions contested annually; GPA, language skills, and essays evaluated","OPEN to US citizens. Bachelor's degree required. Application opens September, closes November for following July start.","https://jetprogramme.org/en/prospective-participants/"
"Conservation Legacy — Stewards Individual Placement Program (SIPP)","AmeriCorps VISTA placements and State & National individual placements at nonprofits, local govts, and federal agencies for conservation capacity building. Program of Conservation Legacy.","YOU GET PAID","VISTA members: living allowance at 110% of local poverty wage + Segal Education Award $7,395 OR cash stipend ~$1,800 upon completion + student loan forbearance. State & National members: stipend + living allowance varies by placement. Health insurance.","None — apply at stewardslegacy.org or conservationlegacy.org.","Nationwide: CO, NC, NM, VA, TN, AZ, WV and other states","1 year (VISTA) or varies by placement","Gap year / post-college","Low-moderate; many placements","ACTIVE — program listings confirmed open 01/01/2026-12/31/2026.","https://stewardslegacy.org/about"
"Northwest Youth Corps (NYC)","Conservation corps based in Oregon with programs in OR, WA, and ID; residential camping crews, local community crews, wildfire protection crews, and college-aged internships. Ages 14+ for youth, 18+ for young adult programs.","YOU GET PAID","Paid programs; specific stipend amounts unverified from nwyouthcorps.org directly for 2026 (exact dollar listed as 'dollars paid to youth and young adults'). Young adult crew and field staff positions for Summer 2026 posted and recruiting. AmeriCorps-linked positions carry Education Award.","None — direct application at nwyouthcorps.org.","Oregon, Washington, and Idaho","Summer season (~10-12 weeks) or longer residential programs","Gap year; teens 14+ and young adults 18+","Low-moderate; ~1,000 participants/year","ACTIVE — all Summer 2026 crew and field staff positions posted and recruiting.","https://www.nwyouthcorps.org/"
"American Climate Corps (Federal)","Federal program established by Biden executive order (Aug 2023) to train and place young Americans in clean energy and conservation jobs.","NET NEUTRAL","N/A — program terminated.","N/A","N/A — program terminated","N/A","N/A","N/A","TERMINATED — revoked by Trump executive order on January 20, 2025 (included in initial rescissions EO). Federal American Climate Corps ceased operations. State-level successor programs include California Climate Action Corps, and potentially Maryland and other state programs. Do NOT apply here.","https://www.whitehouse.gov/presidential-actions/2025/01/initial-rescissions-of-harmful-executive-orders-and-actions/"
"Jesuit Volunteer Corps (JVC)","Full-year faith-based service program; JVs serve full-time at social service nonprofits in communities across the U.S. (20+ communities). Four core values: social justice, simple living, community, spirituality. ~108 Jesuit Volunteers per year.","YOU GET PAID","Modest monthly stipend (exact amount unverified on jesuitvolunteers.org for 2026; program emphasizes 'simple living'). Housing provided in intentional community. Meals shared. Health insurance. Student loan deferment. No education award (not AmeriCorps-funded).","None — direct application at jesuitvolunteers.org.","20+ communities across the U.S.","1 year (August start); additional year option","Post-college primarily; open to adults 18+ with college degree or equivalent","Moderate; ~108 Jesuit Volunteers placed per year","ACTIVE — 2025-2026 cohort in service; 2026-2027 applications open. Not federally funded — immune to AmeriCorps cuts.","https://jesuitvolunteers.org/"
"Lutheran Volunteer Corps (LVC)","Full-year faith-based service program placing volunteers at social justice nonprofits in 9 cities (Chicago, Milwaukee, Omaha, SF Bay Area, Seattle, Tacoma, Twin Cities, Washington DC, Wilmington). Members live in intentional community of 4-7.","YOU GET PAID","Full-time stipended service (exact 2026 dollar amount unverified from lvcdc.org; characterized as 'stipended volunteers'). Housing in community house provided. Meals shared. Health insurance. Student loan deferment. Intentional community living covers basic needs.","None — direct application at lvcdc.org.","Chicago IL, Milwaukee WI, Omaha NE, San Francisco Bay Area CA, Seattle WA, Tacoma WA, Twin Cities MN, Washington DC, Wilmington DE","1 year","Post-college; adults 21+","Moderate","ACTIVE — not federally funded; immune to AmeriCorps cuts.","https://www.lvcdc.org/"
"Mennonite Voluntary Service (MVS)","One- to two-year faith-based domestic service for adults 20+; placements at grassroots nonprofits in 21 U.S. cities on immigration, healthcare, environment, and more. No need to be Mennonite but must agree to faith statement.","YOU GET PAID","Personal stipend provided (exact amount unverified from mennonitemission.net for 2026). Housing, food, health care, and transportation all covered. Student loan scholarship available for volunteers with college debt; most loans can be deferred during service.","None — direct application at mennonitemission.net.","21 U.S. cities and towns","1-2 years","Gap year / post-college; ages 20+","Moderate","ACTIVE — not federally funded; immune to AmeriCorps cuts.","https://www.mennonitemission.net/serve/mennonite-voluntary-service/"
"Episcopal Service Corps (ESC) — Servant Year program","Full-year Episcopal faith-based service program; corps members serve at social justice nonprofits while living in intentional community. Multiple local ESC programs under the ESC network.","YOU GET PAID","$600/month stipend + up to $100/month retirement match + housing + utilities + health insurance (all co-pays covered) + individual therapy + spiritual direction + $500 clothing allowance at start + travel covered for arrival/departure + one trip during service year + $5,000 education award upon completion.","None — apply through individual ESC program sites (episcopalservicecorps.org).","Multiple U.S. cities (varies by ESC network program; e.g., The Commonage, Servant Year, and others)","1 year","Post-college; young adults typically 21-30","Moderate","ACTIVE — not federally funded; ESC Servant Year 2026-2027 applications open.","https://episcopalservicecorps.org/programs/"
"JVC Northwest (Jesuit Volunteer Corps Northwest)","Regional branch of JVC serving the Pacific Northwest; JVs serve full-time at nonprofits in the PNW region while living in intentional community. Priority application deadline Jan 5, 2026 for 2026-2027 cohort.","YOU GET PAID","Modest monthly stipend (exact amount unverified from jvcnorthwest.org; same JVC model as national). Housing, meals, health insurance provided. Student loan deferment.","None — direct application at jvcnorthwest.org.","Pacific Northwest (Oregon, Washington, Idaho region)","1 year (August start); additional year option","Post-college; adults 18+","Moderate","ACTIVE — 2026-2027 service year applications accepted; rolling basis after January 5, 2026 priority deadline.","https://jvcnorthwest.org/apply-for-an-additional-year/"
"Mile High Youth Corps (MHYC)","Denver-based AmeriCorps conservation and YouthBuild corps; crews do urban greening, trail work, environmental education, and construction skills training for youth and young adults in Colorado.","YOU GET PAID","Living stipend (exact 2026 amount unverified from milehighyouthcorps.org) + AmeriCorps Segal Education Award upon completion + GED/HSE support + job training certifications + health insurance.","None — direct application at milehighyouthcorps.org.","Denver, Colorado metro area","Varies: seasonal (3-6 months) and year-round tracks","Gap year; ages 16-24","Low; open enrollment, serves low-income youth","ACTIVE — not independently verified as of August 2026 due to AmeriCorps funding disruptions in 2025; status listed as operating but verify at milehighyouthcorps.org.","https://milehighyouthcorps.org/"
"Jumpstart (AmeriCorps State & National operator)","AmeriCorps program placing college students part-time in Head Start and early childhood classrooms to support preschool literacy and language development. School-year service term for college students alongside courses.","YOU GET PAID","Living stipend (part-time AmeriCorps; exact amount unverified from jstart.org for 2026) + Segal Education Award (prorated for part-time term) upon completion + professional development.","None — apply through campus partner or jstart.org.","Multiple cities in ~15 states (Boston, Chicago, Los Angeles, New York, Washington DC, and others)","Academic school year (part-time alongside college)","College students (gap year or during college); minimum age 17","Low-moderate; designed for college students","ACTIVE — program continuing operations; verify current stipend at jstart.org as 2025 AmeriCorps cuts affected some grantees.","https://www.jstart.org/"
"Where There Be Dragons (WTBD) – Gap Year/Semester","GYA-accredited small-group (12 students, 3 instructors) immersive gap semester abroad; homestays, local apprenticeships, wilderness trekking; destinations in Asia, Latin America, Africa, Europe. Strictly limited to 200 students/year.","YOU PAY","Tuition $9,950–$19,500 per semester (GYA-verified range). Does NOT include international flights (~$800–$2,000) or personal spending. All-in estimate: $12,000–$22,000.","WTBD is a GYA-accredited member; the GYA does not publish a counselor commission scheme. No public affiliate or IEC commission program found. Independent educational consultants may refer, but no published rate; sector-norm band is 10–15% of program fee if informal arrangements exist, though WTBD's ethics stance on commissions is unverified. Mark: practice exists, rate private.","Asia, Latin America, Africa, Europe (multi-destination per program)","Semester (~3–4 months)","Post-high school / pre-college","Selective; application + interview; 200-student annual cap","ACTIVE – programs listed and enrolling for Fall 2026 and Spring 2027","https://www.gapyearassociation.org/program-providers/where-there-be-dragons/"
"Carpe Diem Education – Semester Programs","GYA-accredited semester gap programs across 18 countries on 5 continents for ages 17–22; experiential education, community service, homestays, language immersion. Also offers Latitudes Year (year-long, earns up to 36 college credits).","YOU PAY","Semester: ~$14,500–$17,500 (includes housing, meals, in-country transport, program activities); Latitudes Year: ~$28,000–$32,000. International flights not included (~$800–$2,000 additional). All-in semester: ~$16,000–$20,000.","GYA member. No public IEC commission program found on their website. Carpe Diem publishes an Access Scholarship ($5,000) and Inclusion Scholarship ($2,000) for diversity – these are not counselor fees. Counselor referrals may exist informally; rate unverified. Sector norm 10–15% applies if informal arrangements operate.","18 countries across 5 continents (Central America, Southeast Asia, South America, Africa, Europe)","Semester (3–4 months) or full year (10–12 months)","Post-high school / pre-college, ages 17–22","Selective; application required","ACTIVE – website active, programs listed for 2026–27","https://carpediemeducation.org/programs/"
"Thinking Beyond Borders – Gap Year Semester","Former GYA-accredited gap semester provider known for social-justice-focused experiential learning in Latin America and Southeast Asia; homestays, community work, leadership curriculum.","YOU PAY","Last published tuition: $14,500 per semester (GoOverseas listing, last updated 2021). Price is stale and unverifiable – program no longer operating.","N/A – program closed; no referral structure active.","Latin America (Peru, Guatemala), Southeast Asia","Semester (13–26 weeks)","Post-high school / pre-college","Was selective; application required","CLOSED – GoOverseas listing explicitly states 'This organization is no longer operating programs.' No active web presence for enrollment.","https://www.gooverseas.com/gap-year/peru/thinking-beyond-borders/14575"
"Pacific Discovery – Gap Semester","GYA-accredited 10-week semester gap programs in New Zealand/Australia, Southeast Asia, Nepal/Tibet, Central America, South America, Polynesia, and a 'Rewilding Residential' option. Small groups, adventure and cultural immersion.","YOU PAY","Tuition $15,000–$16,500 per 10-week semester (NZ/Australia highest at $16,500; Southeast Asia/Central America at $15,000). International flights NOT included (~$800–$2,000). All-in estimate: $16,500–$19,000.","GYA member. No public affiliate or IEC commission program found. Sector practice of private IEC referral arrangements (10–15% band) may apply. Unverified for this operator specifically.","New Zealand, Australia, Southeast Asia, Nepal, Tibet, Central America, South America, Polynesia","10 weeks (semester)","Post-high school / gap year","Selective; rolling admissions; limited spaces (some 2026 programs show 1–5 spaces left)","ACTIVE – Fall 2026 programs running Sep–Nov 2026; Spring 2027 open","https://www.pacificdiscovery.org/need-to-know/availability"
"Rustic Pathways – Gap Semester / Mini Gap","GYA-accredited gap semester (10 weeks) and Mini Gap (8 weeks) programs combining service learning, cultural immersion, and adventure across multiple countries. Ages 17–22. Operator founded 1983 with 155,829 alumni.","YOU PAY","Gap Semester (10 weeks): $17,900; Mini Gap (8 weeks): $15,900. Excludes international airfare ($600–$2,000), passport/visa ($150–$400), personal spending ($150–$200/week), vaccinations ($100–$300). All-in estimate: $19,650–$22,400 for Mini Gap; $20,800–$24,000 for Gap Semester.","GYA member. No public IEC or school counselor commission program found on operator website. Rustic Pathways does not publish a referral/affiliate program. Sector norm: if informal IEC referrals exist, typical band is 10–15%; unverified for this operator.","Multiple countries (Latin America, Southeast Asia, Europe, Africa, Pacific – varies by program)","8–10 weeks","Post-high school, ages 17–22","Open enrollment with application; rolling admissions","ACTIVE – 2026 programs running; pricing page last modified July 16, 2026","https://rusticpathways.com/student-travel/program-costs"
"ARCC Gap – Gap Year Programs","GYA-accredited gap semester and year programs for ages 17–22; domestic (Western US) and international options combining service, adventure travel, and leadership development. Founded 1983.","YOU PAY","Programs range 4–26 weeks; tuition approximately $8,000–$20,000 depending on duration and destination (GoOverseas listing; 2026-specific price unverified on operator's own page). International flights additional. All-in unverified – mark as 'unverified 2026 pricing'.","GYA member. No published IEC or counselor commission program found. Sector norm applies if informal referrals operate (10–15% band). Unverified.","Western US (Montana, Wyoming, Utah, Colorado, Arizona) and international destinations","4–26 weeks","Post-high school / gap year, ages 17–22","Selective; application required","ACTIVE – listed on GYA and GoOverseas with open enrollment","https://www.gooverseas.com/gap-year/united-states-america/program/262200"
"Global Citizen Year (GCY) – Bridge Year","Formerly flagship US bridge year program placing recent high school graduates in host communities abroad (Senegal, Brazil, Ecuador, India) for 7–8 months of service-learning before college. Operated as nonprofit. Restructured and now operates under Tilting Futures brand.","YOU PAY","$21,000 USD (ExtracurricularHub listing citing official page as of Aug 2, 2026; formerly $15,000 – prices have risen post-restructure). Financial aid available. Application deadline for 2026–27 cycle listed as ~Oct 1, 2026 (unconfirmed by operator). All-in with flights: ~$23,000–$25,000.","Historically operated as a highly selective nonprofit with no published counselor commission structure. Tilting Futures branding change complicates verification. No public IEC affiliate program found. Mark: no commission published; confirm status at tiltingfutures.org.","Multiple international (Senegal, Brazil, Ecuador, India – varies by cycle)","7–8 months (full academic year bridge)","Post-high school, pre-college (bridge year)","Highly selective; application + interview; historically 2–5% acceptance rate","UNCERTAIN – Restructured as Tilting Futures; 2026–27 cycle application deadline not officially announced as of Aug 20, 2026. Treat as active but verify at tiltingfutures.org before advising students.","https://extracurricularhub.com/extracurriculars/global-citizen-year"
"Winterline Global Education – Gap Year","Skills-based gap year program teaching 20+ practical skills (cooking, first aid, filmmaking, navigation, negotiation, financial literacy) across 9 countries in one year. Ages 18–22. Partners with Northeastern University for credit.","YOU PAY","GoOverseas listing does not show 2026 tuition; historical pricing was approximately $29,000–$32,000/year including housing, meals, and in-program travel. Flights and visa additional. All-in estimate ~$32,000–$36,000. Mark: unverified 2026 price – check winterlineglobal.com directly.","GYA member. No public affiliate or IEC commission program found. Sector norm applies (10–15% band if informal IEC arrangements). Unverified.","9 countries across multiple continents (varies by cohort year)","Full year (~9–10 months)","Post-high school / gap year, ages 18–22","Selective; application required","ACTIVE – GoOverseas listing active; website functioning; verify current year enrollment at winterlineglobal.com","https://www.gooverseas.com/gap-year/multiple-countries/winterline-global-education/67179"
"Verto Education – Freshman Year Abroad","Accredited freshman-year-abroad program offering 12–16 transferable college credits (accredited via University of New Haven/NECHE) while traveling to international destinations (Spain, Italy, Costa Rica, England, Fiji, etc.). Partners with 70+ US colleges for guaranteed sophomore transfer. FAFSA-eligible.","YOU PAY","Program fee: $15,000–$25,000 per semester (all-inclusive: tuition, housing, most meals, health insurance, program excursions). Flights additional ($1,000–$2,500). Full-year cost: ~$50,000 program fees + $8,000–$10,000 personal/travel. All-in semester: $18,000–$31,000.","Verto has a formal network of partner colleges (70+); those schools receive enrolled students. No published IEC counselor commission program found. As a FAFSA-eligible institution, commission practices may differ from pure gap year operators. Mark: practice exists, specific rate private. Sector norm for study-abroad providers: 10–20% of tuition paid to referring agents.","Spain, Italy, England, Costa Rica, Fiji, and other destinations (varies by semester)","Semester (one term) or full year (two semesters)","Incoming college freshman (post-high school)","Selective with partner college acceptance; rolling admissions; application + interview","ACTIVE – Enrolling for 2026–27; programs running","https://eathealthy365.com/a-breakdown-of-verto-education-program-costs/"
"EF Gap Year – The Global Gap Year","EF Education First's 24-week gap year: Semester 1 is a 12-week multi-country tour (European Horizons, East Asian Odyssey, Spanish in Motion, or Globetrotter); Semester 2 is language immersion at one of 11 EF international campuses (Tokyo, Seoul, Rome, Barcelona, Paris, Nice, etc.). Optional college credit. Ages 18–25.","YOU PAY","GoAbroad listing 'starts at $900–$1,250' appears to be a per-week or partial-program rate; full-year programs estimated at $25,000–$45,000 (third-party aggregate). EF does not publish an all-in price publicly; flights, meals, and personal spending are additional. All-in full year estimated: $30,000–$50,000. Mark: unverified – confirm at efgapyear.com.","EF Education First maintains a large agent network globally for its language and travel products; commission rates for EF language programs typically 10–15%. Whether the same structure applies to EF Gap Year specifically is unverified. EF does not publish gap-year-specific counselor commission rates publicly.","Multiple countries (Europe, Asia, Americas) + EF language campuses in Tokyo, Seoul, Rome, Barcelona, Paris, Nice","24 weeks (full gap year) or single semester (12 weeks)","Post-high school / gap year, ages 18–25","Open enrollment; no selective application process","ACTIVE – 2026 and 2027 programs listed on GoAbroad as of May 2026","https://www.efgapyear.com/program-guides/pg-the-global-gap-1/"
"MOFGA Farm Apprenticeship (Maine)","Maine Organic Farmers and Gardeners Association apprenticeship program, started 1975. Matches beginning farmers (especially young adults) with 15 organic host farms. Immersive practicum: labor in return for room, board, stipend, and mentorship through the full growing season.","YOU GET PAID","$0 cost to participant. Typical placement: room and board provided; all farms offer financial compensation (stipend amounts vary). Example: Roque Island Homestead (MOFGA-listed, March 2026) pays $80/day plus room and board. Wolfe's Neck Center Dairy pays $15.50/hr with housing included. Participant pays transport to farm.","None.","Maine, USA (Unity-area coordination; host farms statewide)","April–October (full growing season preferred); flexible minimum","Gap year / career entry","Moderate — application required; farms select apprentices","Active. 2026 listings confirmed on mofga.org. About 15 host farms active.","https://www.mofga.org/apprenticeship"
"Oregon Farm Corps (Rogue Farm Corps)","Oregon nonprofit placing beginning farmer apprentices on paid seasonal positions at sustainable host farms across Oregon (Portland, Willamette Valley, Rogue Valley chapters). Apprentices are W-2 employees. Includes educational event series.","YOU GET PAID","$0 to participant. Apprentices hired as seasonal hourly employees. Housing provided by some host farms but not all — check each listing. Educational events provided. Some farms offer housing; others do not.","None.","Oregon, USA","Seasonal, April–October roughly; educational events through Oct 28","Gap year / career entry","Moderate — application required","Active. 2026 season educational events confirmed through October 28 (calendar on oregonfarmcorps.org).","https://oregonfarmcorps.org"
"Quivira Coalition New Agrarian Program","Competitive 8-month paid ranching apprenticeship in regenerative agriculture. Mentor sites in CO, ID, MT, TX, WY. Apprentices are W-2 employees. Private on-ranch housing provided. Structured curriculum including REGENERATE conference, workshops, monthly check-ins.","YOU GET PAID","$0 cost. Pay: W-2 wages — hourly or monthly stipend (example: Sather Farm offers $1,200/month plus housing, utilities, gas, and food). Housing: private, furnished, on-ranch. Some sites provide food; others do not. Applications for 2026 season are closed as of August 2026; 2027 applications open November 1, 2026.","None.","CO, ID, MT, TX, WY, NM, OK (varies by mentor site)","8 months (approximately March–November)","Gap year / career entry","High — competitive; 2026 fully subscribed","Active. 2026 season running. Apply for 2027 from November 2026.","https://quiviracoalition.org/newagrarian/apprenticeship"
"SCI-IVS USA (Service Civil International)","US branch of international peace-through-service network (40+ countries). Coordinates short-term voluntary workcamps (2–3 weeks) where international volunteers live and work together on community projects. Accommodation and meals provided by local host.","YOU PAY","SCI sending fee: typically €100–€150 (equivalent ~$110–$165 USD) per workcamp, covering insurance and board at camp. Additional in-country fees may apply for some Global South projects (€30–€200 on arrival). Flights are entirely participant's cost. All-in for a European workcamp from USA: approximately $800–$1,500. Correct classification: YOU PAY for the overall budget, though accommodation/meals included in the camp fee.","None.","USA and worldwide (Europe, Americas, Asia, Africa)","2–3 weeks per workcamp","Gap year / short immersion","Low-moderate — priority on diversity per camp","Active. SCI LTV USA branch confirmed active 2026. Copyright 2026 on volunteersciusa.org.","https://www.volunteersciusa.org"
"Volunteers for Peace (VFP)","US-based international workcamp coordinator, placing Americans in short-term international volunteer workcamps similar to SCI. Programs in 100+ countries. Accommodation and meals typically included in program fee.","YOU PAY","Program fee: $495 per placement (under 18: $595). Many host organizations add an extra local fee disclosed in camp listing. Flights not included. All-in from USA to a European camp: approximately $1,000–$2,000. Correct classification: YOU PAY once flights are added.","None.","Worldwide (100+ countries)","2–3 weeks per workcamp","Gap year / short immersion","Low-moderate","Active as of research date. Verify current listings on vfp.org.","https://vfp.org"
"Camphill Communities (USA/Canada)","Network of 15 intentional communities in USA/Canada where volunteers (coworkers) live alongside adults with developmental disabilities in a lifesharing model. Biodynamic farming, crafts, household work. Room, board, health insurance, and monthly stipend provided.","YOU GET PAID","$0 cost. Benefits confirmed 2026 at multiple Camphill sites: private room and board in shared home, monthly stipend (Dandelion House example: $500/month; Camphill Kimberton: 'small monthly stipend'), health insurance, vacation time, student loan assistance for US citizens possible (Camphill Copake), college debt assistance programs. Participant pays travel to the community.","None.","USA and Canada (15 communities in multiple states incl. NY, PA, MN, OR)","Typically 1 year (renewable); interns: 1–3 months","Gap year / service year","Moderate — application and interview required","Active. Camphill.org confirmed recruiting April 2026. Multiple communities actively listing positions.","https://camphill.org/volunteer"
"Catholic Worker Houses (live-in volunteer)","Network of ~200 US Catholic Worker houses offering live-in community membership. Volunteers do hospitality work (food, shelter, care for marginalized people) and receive room, board, and a small stipend. Rooted in Dorothy Day tradition; open to non-Catholics.","YOU GET PAID","$0 cost. Typical: room and board provided, monthly stipend ranges $0 (voluntary simplicity) to $500/month (e.g., Dandelion House Portland, confirmed 2026), health coverage varies by house. Participant contributes time and presence. Some houses expect shared poverty lifestyle.","None.","USA-wide (~200 houses)","1 year typical; some shorter-term","Gap year / service year","Moderate — discernment process (interview / trial visit)","Active. Multiple 2026 openings listed on catholicworker.org as of May 2026.","https://catholicworker.org/catholic-worker-volunteer-opportunities"
"Taizé Community (France)","Ecumenical Christian monastic community in Burgundy, France welcoming young adults 18–35 weekly for prayer, reflection, and community life. Living conditions simple (tents or cabins). Participants contribute to community work. A sliding-scale contribution covers meals and accommodation.","YOU PAY","Sliding-scale contribution based on country of origin and age — US youth 15–24 pay a modest suggested contribution (unspecified exact dollar amount, varies by means). Budget example: for a US participant, flights to France ~$600–$1,000 plus the community contribution. Net cost is significant once flights are added. Short stays possible (weekend–week). Long-term volunteer possibilities exist for those discerning faith vocation (free stay, work in community).","None.","Taizé, Burgundy, France","Week (standard); weekend possible","Gap year / spiritual","Low — registration required; open to all","Active. 2026 schedule confirmed: weekly gatherings Feb 1–Dec 24, taize.fr.","https://www.taize.fr/en/youth"
"Plum Village / Deer Park Monastery (Buddhist)","Thich Nhat Hanh tradition monasteries. Plum Village in France and Deer Park Monastery in Escondido CA offer extended stays (up to 6–9 months) for lay practitioners wishing to live and train with monastics. Work practice (karma yoga) is central; no fees during extended stay. Retreats separate and paid.","NET NEUTRAL","Extended stay (3–6+ months): free — no fee for long-term lay practitioners living and working with the community. Application required; must participate in full 90-Day Rains Retreat to qualify for some hamlets. No online application process. Retreats (shorter) are charged separately. Flights own cost.","None.","France (Plum Village); Escondido, CA (Deer Park); Batesville, MS (Magnolia Grove)","Up to 6–9 months for extended lay stay","Gap year / contemplative","High — application by direct contact with each hamlet; preference for those completing full retreat","Active. Plum Village extended stay page confirmed 2026 (plumvillage.org/retreats/extended-stay).","https://plumvillage.org/retreats/extended-stay"
"Kibbutz Volunteer Program (Israel / KPC)","The Kibbutz Program Center places international volunteers aged 18–35 on ~9 participating kibbutzim for 10-week to 12-month stays. Work in agriculture, kitchens, laundry, communal services ~8.5 hrs/day, 5 days/week. Room, board, laundry, and monthly pocket money (~NIS 650 ≈ $180 USD) provided.","NET NEUTRAL","No program fee from KPC. Volunteer must purchase mandatory health insurance (cost not specified but estimated ~$1–3/day for young volunteers). Must obtain a B-4 volunteer visa from Israeli consulate before arrival — requires FBI background check with apostille (significant administrative cost and lead time). Flights to Israel approximately $800–$1,500. Pocket money ~$180/month (NIS 650 per KPC registration page). Important: ongoing security situation in Israel; evaluate current travel advisories before committing. US State Department advises exercising caution in Israel and Gaza region. The 2024–2025 conflict has significantly reduced program capacity.","None.","Israel (various kibbutzim including Ketura, Lotan, Ein Gev, Neot Semadar, Revivim and others)","10 weeks minimum, up to 12 months","Gap year / cultural immersion","Moderate — interview and extensive documentation required","CAUTION. KPC website active and accepting applications (kibbutzvolunteers.org.il confirmed 2026). However, regional conflict context requires current travel advisory review. Some kibbutzim in conflict zones; verify specific placement location.","https://kibbutzvolunteers.org.il"
"Xanterra — Yellowstone National Park Lodges","Hospitality concessionaire running lodges, restaurants, and tours inside Yellowstone; hires housekeepers, cooks, porters, painters, and more","YOU GET PAID","$15.70/hr (housekeeper/food-service) to $25.75/hr (painters); ~32-40 hrs/week. Housing: shared dorm deducted at $17/day (~$119/wk) including meals and laundry. Net for housekeeper: ~$285/wk after housing at 32 hrs","No verified employer referral bonus found. CoolWorks charges employer job-posting fees; no affiliate payout to job-seekers documented","Yellowstone National Park, WY","Seasonal, typically May–Oct (summer) or winter season","Post-HS / Both","Open","Operating — actively hiring summer 2026","https://www.xanterrajobs.com/main/yellowstone-national-park/home"
"Xanterra — Grand Canyon South Rim","Concessionaire hospitality at South Rim lodges, restaurants, and tours; hires food service, tour bus drivers, housekeeping","YOU GET PAID","$15.85–$16.80/hr general hospitality; $25.50/hr tour bus drivers; tipped roles $12.15–$20.75/hr + tips. Dorm housing ~$14.60/day; three-meal plan ~$9.71/day. Net: varies significantly by role and tips","No verified referral bonus. CoolWorks platform posts listings; no affiliate payout documented","Grand Canyon National Park, South Rim, AZ","Seasonal; varies by role, spring–Oct most common","Post-HS / Both","Open","Operating — actively hiring summer 2026","https://www.xanterrajobs.com/main/grand-canyon/explore"
"Aramark Destinations — Yosemite National Park","Concessionaire running Yosemite Valley Lodge, The Ahwahnee, Curry Village; hires front desk, food service, retail, porters, bussers","YOU GET PAID","$18.80–$19.80/hr depending on role (food service cashier $19.30, front desk $19.80, busser $18.80). Housing unverified in current 2026 postings — contact Aramark directly","Unverified for Aramark Yosemite specifically","Yosemite National Park, CA","Seasonal, typically spring–fall","Post-HS / Both","Open","Operating — multiple 2026 postings active as of July 2026","https://aramarkcareers.com/UnitedStates/job/Yosemite-National-Park-Front-Desk-Clerk-The-Ahwahnee-Hotel-Yosemite-Ahwahnee-Hotel-CA-95389/1376870400/"
"Aramark Destinations — Denali National Park","Hospitality worker at Denali park tours and lodging; food service, housekeeping, retail","YOU GET PAID","""Competitive wages"" listed — no numeric figure published. Housing: on-site provided; mandatory $16/day all-inclusive meal plan. Wage unverified","Unverified","Denali National Park, AK","~Apr 30–Sep 17, 2026","Post-HS / Both","Open","Operating — posted Apr 2026","https://aramarkcareers.com/UnitedStates/job/Denali-Park-Hospitality-Worker-I-Denali-National-Park-Tours-AK-99755/1402163200/"
"Delaware North — Tenaya Lodge at Yosemite","Lodge and restaurant work at Fish Camp, CA gateway property to Yosemite; hires housekeepers, servers, hosts, dishwashers","YOU GET PAID","Housekeeper $18.74–$19.00/hr; Host $17.90/hr + tips; Server $16.90/hr + tips; Dishwasher $17.78/hr. $500 season-completion bonus for those working through Jan 5, 2027. Housing terms unverified for this property","Unverified","Fish Camp, CA (Yosemite gateway)","Seasonal; varies by role","Post-HS / Both","Open","Operating — postings active May 2026","https://careers.delawarenorth.com/grand-canyon/"
"Pursuit Collection — Glacier Park Lodge","Concessionaire running Glacier Park Lodge (East Glacier) and West Glacier properties in and adjacent to Glacier National Park","YOU GET PAID","$15/hr (housekeeper, front desk) to $20+/hr (Cook II); Baker $17.50/hr. Housing deducted: $101.50/wk (Glacier Park Lodge dorm) including mandatory $14.50/day meal plan (~$206/wk for housing+meals). Net for $15/hr, 40 hrs: ~$394/wk after deductions","Unverified","Glacier National Park area, East Glacier / West Glacier, MT","~Apr–Sep 2026","Post-HS / Both","Open","Operating — 2026 placements documented; Flathead County approved new employee housing expansion Mar 2026","https://www.tbw.pl/wp-content/uploads/Glacier-Park-by-Pursuit-Glacier-Park-Lodge-Cook-1-Prep-Cook-2026-Summer-1.pdf"
"Forever Resorts / Aramark Destinations — Grand Canyon North Rim","Concessionaire hospitality at the remote, seasonal North Rim of Grand Canyon; retail, food service, maintenance roles","YOU GET PAID","Wage unverified for 2026 — no numeric figure indexed. CRITICAL 2026 NOTE: Traditional employee housing is unavailable due to prior-year disaster; employees must bring their own RV. Full-hookup spaces also limited","Unverified","Grand Canyon National Park, North Rim, AZ","Seasonal (North Rim typically May–Oct)","Post-HS / Both","Open","Operating but housing severely disrupted — verify before accepting offer","https://careers.aramarkdestinations.com/parks/"
"NPS Seasonal Ranger — Interpretation / Visitor Services","Federal seasonal Park Ranger (GS-0025) or Park Guide (GS-0090): visitor center staffing, guided walks, formal talks, resource interpretation","YOU GET PAID","GS-03: ~$13.28–$17.26/hr base (locality increases this; USAJOBS postings show ~$17.30–$19.52/hr with locality). GS-05: ~$19.52–$28.69/hr with locality. No federal housing automatically provided; availability and cost vary by park","No referral bonus — federal jobs; applications via USAJOBS only","Multiple parks nationwide; examples: Grand Teton $19.52/hr, Kenai Fjords $22.07/hr + 3% AK COLA","Typically ~1,039 hrs (May/Jun–Sep); some 9-month appointments","Post-HS / Both","Competitive","Active but materially disrupted — 14% below 2024 staffing levels as of early Apr 2026; onboarding backlogs; still worth applying via USAJOBS","https://www.nps.gov/aboutus/how-to-apply.htm"
"USFS Wildland Firefighter — Entry Crew (GW-3 to GW-5)","Federal seasonal wildland firefighter on engine crews, hand crews, or helitack; direct suppression and prevention work under 2025 GW pay reform","YOU GET PAID","GW-3: $21.14/hr; GW-4: ~$23.72/hr; GW-5: $25.37/hr. Overtime, hazard-duty pay, and Incident Response Premium Pay add to base. Seasonal; housing not automatic — check individual announcement. From Sep 14, 2026, new 25% hazardous-duty differential for prescribed fire assignments","No referral bonus — federal jobs via USAJOBS","National Forests and BLM lands nationwide; specific units vary by announcement","Seasonal; 1,039 hrs (≈6 months) typical; permanent-seasonal positions also available","Post-HS / Both","Competitive","Operating — USFS 2026 wildland fire careers page active; federal hiring delays affect some positions","https://www.fs.usda.gov/working-with-us/careers/recruitment-events/2026-wildland-fire-careers-opportunities"
"BLM Call-When-Needed (AD) Firefighter","Bureau of Land Management as-needed firefighter hired for specific fire or severity assignments only; not guaranteed seasonal employment","YOU GET PAID","$22.16/hr (BLM Arizona 2026 posting); paid only during qualifying assignments, not between fires. No housing provided — positions are call-when-needed","No referral bonus — federal jobs","BLM lands; Arizona example found; varies by state","Call-when-needed; assignment length varies","Post-HS / Both","Open (limited experience required for entry)","Operating — BLM Arizona recruiting 2026","https://www.blm.gov/announcement/blm-arizona-seasonal-firefighters"
"EPIK (English Program in Korea)","South Korean Ministry of Education program placing native English-speaking teachers in public elementary, middle, and high schools. US citizens are among the 7 eligible nationalities (USA, UK, Canada, Ireland, Australia, NZ, South Africa). Comes with free furnished housing.","YOU GET PAID","KRW 2,100,000–2,800,000/mo (~USD $1,550–2,070) depending on qualifications (Fall 2026 pay scale, updated May 4, 2026). Plus: settlement allowance KRW 300,000, entrance allowance KRW 1,800,000 at contract end of first month, severance ~1 month salary. FREE furnished housing. Medical insurance (employer pays 50%). Flight not paid. Application via recruiter or EPIK direct.","Employer-side recruiter fee: EPIK's official recruiting partners (e.g. Korvia, Reach to Teach, Teach Away) charge the Korean government/school zero to participants but collect an employer-side placement fee. Some recruiters have affiliate programs paying USD $50–200 per placed teacher referral (unpublished; contact individually). TEFL certificate courses used for EPIK qualification pay affiliates $20–60/sale.","South Korea (public schools nationwide)","1 year, renewable","Must have bachelor's degree + 100hr TEFL/TESOL or teaching credential; under age 62","Moderate — two intakes/year (Feb, Aug); US citizens apply via EPIK office or recruiter","OPEN to US citizens. Age under 62. Bachelor's degree + TEFL/TESOL required.","https://www.epik.go.kr/web/epik/contents/Salarybenefits"
"TaLK (Teach and Learn in Korea)","South Korean government scholarship for undergraduates (not yet graduated) from English-speaking countries to teach in rural elementary schools. Designed specifically for undergraduate students, unlike EPIK which requires a completed degree.","YOU GET PAID","Monthly stipend KRW 1,500,000 (~USD $1,100). Settlement allowance KRW 300,000. Furnished housing provided free. Health insurance included. Round-trip airfare paid by program. No program fee charged to participants.","No affiliate program. Government-administered via NIIED. TEFL course affiliates ($20–60/sale) may benefit indirectly if applicants pursue TEFL certificates to strengthen applications.","South Korea (rural elementary schools)","6 months, renewable up to 18 months (total)","Must be currently enrolled undergraduate (no completed degree required)","Moderate — scholarship program with application and interview; rural placements only","OPEN to US citizens who are current undergraduates. No degree required. Age no fixed cap.","https://www.talk.go.kr"
"TAPIF (Teaching Assistant Program in France)","French Ministry of Education program placing US citizens as English language assistants in French public primary and secondary schools. 12 hours/week teaching, 7-month contract. French B1 required. Only open to US citizens and green card holders.","YOU GET PAID","Gross stipend EUR 1,010.67/mo; net approximately EUR 810/mo after French social security deductions. Plus: French national health insurance (CPAM). No housing provided (must find own). Startup costs USD $2,000–3,000 recommended (first month's rent + deposit). Application fee $80. Net positive by end of 7-month contract but tight month-to-month in Paris.","No participant-facing affiliate program. TEFL cert providers (ITA, Premier TEFL) have affiliate programs paying $20–60/sale; they heavily promote TAPIF as reason to buy their courses. Villa Albertine/TAPIF recruits directly.","France (mainland + overseas departments: Guadeloupe, Martinique, French Guiana, Réunion)","7 months (October 1 – April 30)","Age 20–35. Must be US citizen or green card holder. At least 3 years of higher education completed. French B1 required.","Moderate — approximately 1,200 positions; acceptance rate historically ~60-65%","OPEN to US citizens. Age 20–35. B1 French required. $80 application fee. Closes ~February.","https://tapif.org"
"NALCAP / Auxiliares de Conversación (Spain)","Spanish Ministry of Education program placing North American language assistants in Spanish public schools for 16 hours/week, October–June. Open to US and Canadian citizens (NALCAP) and Canadian citizens (BCAIP). No degree required — current university sophomores and above may apply.","YOU GET PAID","Monthly stipend EUR 800–1,000/mo depending on region (~USD $870–1,090). Health insurance included (required for long-stay visa). No housing provided. Visa costs ~EUR 160 long-stay student visa. Net positive over 8 months but stipend is tight in Madrid/Barcelona.","No participant affiliate. TEFL cert providers and study abroad consultants promote NALCAP and earn $20–60/course sale. No employer-side recruiter fee (government program). Meddeas (private organization placing assistants in Spanish private schools) charges schools and runs an affiliate referral program (contact for rates).","Spain (public schools, various regions)","~8 months (October–May/June)","Age no cap. Must be current university sophomore or above OR recent grad. US citizenship.","Low-Moderate — thousands of positions; competitive in popular regions","OPEN to US citizens. No minimum age beyond being in university. Apply June.","https://www.educacionfpydeportes.gob.es/eeuu/dam/jcr:1fd748fe-b5bd-4c6a-9b04-35299c9017af/01-2026-2027-nalcap-general-information--4-.pdf"
"JET Programme — Note on Non-Degree US Applicants","JET Programme requires a bachelor's degree — it is NOT open to current undergraduates or gap-year students without a completed degree. Commonly confused with TaLK or EPIK in gap-year lists.","NET NEUTRAL","N/A if no degree. See JET Programme row for degree-holders.","N/A","Japan","N/A for non-graduates","Requires completed bachelor's degree","N/A","CLOSED to US citizens without a completed bachelor's degree.","https://jetprogramme.org/en/prospective-participants/"
"Fulbright English Teaching Assistantship (ETA)","US State Department-funded prestigious fellowship placing US citizens as English teaching assistants in universities and schools in approximately 30+ countries worldwide. Not a gap-year program — requires a completed bachelor's degree. Highly competitive. Monthly living allowance varies by country.","YOU GET PAID","Living stipend varies by country: typically USD $1,000–2,500/mo (e.g., South Korea: ~USD $1,700/mo; Germany: ~USD $1,200/mo; Brazil: ~USD $800/mo). Housing provided or housing supplement. Round-trip airfare paid. Health insurance paid. Zero cost to participant.","No affiliate or recruiter fees. Fulbright is US government funded. Fulbright program advisors at universities are not paid placement commissions.","30+ countries (East Asia, Europe, Latin America, Middle East, Sub-Saharan Africa; South Korea has 75 grants, Taiwan 40 grants)","9–12 months depending on country","Must have completed bachelor's degree. US citizenship only. Usually recent grad or graduate student.","Very High — one of the most competitive US government fellowships; acceptance rate ~20-25% for ETA","OPEN to US citizens. 2027-28 competition currently open (deadline Oct 6, 2026). Must have completed bachelor's.","https://us.fulbrightonline.org/applicants/types-of-awards/english-teaching-assistant-awards"
"Teach and Learn with Georgia (TLG)","Georgian Ministry of Education program placing native English, French, German, and Italian speakers in Georgian public schools as volunteer co-teachers. Includes free round-trip flight, housing with host family, and medical insurance. Described as 'volunteer' but pays a stipend.","YOU GET PAID","Gross salary GEL 750/mo; net GEL 600/mo (~USD $220); after GEL 200/mo host family food contribution, take-home GEL 400/mo (~USD $147). FREE: round-trip flight, host family accommodation, medical insurance, mobile phone. Effectively minimal pocket money but zero living costs.","No affiliate or recruiter fees. Georgian government program applied to directly. TEFL course providers earn affiliate commissions ($20–60/sale) from teachers seeking credentials to strengthen applications.","Georgia (country; rural and urban public schools nationwide)","5 or 10 months (September start)","Bachelor's degree required OR final-year undergraduate student in education/linguistics. US citizens eligible.","Moderate — competitive; rolling applications spring and summer; apply by August 20 for September start","OPEN to US citizens. Bachelor's degree required (or final-year in relevant field). Apply by August 20.","http://tlg.gov.ge/content.php?id=613&lang=eng"
"Au Pair in Germany (outbound US citizen)","US citizens can place themselves as au pairs in German host families via matching platforms (AuPairWorld, aupair.com) or agencies. Requires a Residence Permit for a language course / au pair. No dedicated US-to-Germany bilateral au pair treaty but German immigration law permits au pair arrangements with appropriate visa.","YOU GET PAID","Monthly pocket money: EUR 280 (German Foreign Office guideline rate, 2026). Room and board free. Language course usually subsidized. Round-trip flight self-funded (~USD $800–1,200). Agency fee EUR 80 one-time for non-EU applicants. Net monthly pocket money after flight amortization: ~EUR 190/mo (~USD $207). YOU GET PAID but very modestly.","AuPairWorld charges families EUR 150–350/yr subscription for matching; no recruiter commission to au pair. Intermediary agencies (Go Au Pair, AuPairCare operating outbound) charge families USD $1,500–3,000 placement fee. Affiliate programs: AuPairWorld affiliate program pays 20–30% of subscription revenue per referred family (published on their partner page).","Germany (host family placement)","6–24 months","Age 18–27 typically. No degree required. Basic German preferred.","Low — self-match via platforms; many families seeking US au pairs","OPEN to US citizens. EUR 280/mo pocket money. Visa via German consulate (Residence Permit).","https://pack-lightly.com/au-pair-costs-and-pocket-money/"
"Au Pair in France (outbound US citizen)","US citizens can place themselves as au pairs in French host families. Non-EU au pairs receive a higher regulated pocket money rate than EU au pairs. Requires a long-stay 'au pair' visa through the French consulate.","YOU GET PAID","Monthly pocket money: EUR 391.50/mo for non-EU au pairs (2026 French rate, higher than EU rate of EUR 320/mo). Room and board free. Some programs include language course. Round-trip flight self-funded (~USD $800–1,200). Agency fee EUR 30–200. Net monthly after flight amortization: ~EUR 300–330/mo (~USD $327–360). Net positive but modest.","Same platform/agency structure as Germany. AuPairWorld affiliate: 20–30% of family subscription revenue. French agencies (Familles en France) charge families EUR 300–800 placement fee. No published participant-facing affiliate.","France (host family placement)","6–18 months","Age 18–27. Basic French preferred. No degree required.","Low — self-match via platforms","OPEN to US citizens. EUR 391.50/mo pocket money (non-EU rate). Long-stay au pair visa required.","https://pack-lightly.com/au-pair-costs-and-pocket-money/"
"Au Pair in Denmark (outbound US citizen)","Denmark offers the highest au pair pocket money in Europe (DKK 4,000–4,150/mo) with a 30-hour week cap. Language course fully funded by host family. Requires Danish residence permit.","YOU GET PAID","Monthly pocket money: DKK 4,000–4,150/mo (~EUR 535–555/mo, ~USD $583–605/mo). Room, board, and language course fully funded by family. Round-trip flight self-funded (~USD $1,000–1,400). Net monthly after flight amortization: ~EUR 480–500/mo. Highest net among European au pair destinations.","AuPairWorld affiliate: 20–30% of family subscription revenue. Danish agencies (DanishAuPair) charge families DKK 5,000–8,000 placement fee. No participant-facing affiliate.","Denmark (host family placement)","6–18 months","Age 18–28. No degree required. English sufficient.","Low — self-match via platforms; Danish families actively seek US/English speakers","OPEN to US citizens. DKK 4,000–4,150/mo pocket money. Highest in Europe. Residence permit via Danish Immigration Service.","https://pack-lightly.com/au-pair-costs-and-pocket-money/"
"Utah Conservation Corps (UCC)","AmeriCorps State & National conservation corps affiliated with Utah State University; field crews do trail work, habitat restoration, invasive species removal, and environmental projects across Utah. Three seasonal term options in 2026.","YOU GET PAID","Summer (450 hrs, June 1-Aug 15): $1,200 biweekly ($6,000 total, taxable) + Segal Ed Award $1,956.35. Summer+Fall (900 hrs, June 1-Nov 15): $1,255 biweekly ($13,805 total, taxable) + Segal Ed Award $3,697.50. Fall (450 hrs, Aug 21-Nov 15): $1,150 biweekly ($6,900 total, taxable) + Segal Ed Award $1,956.35. Plus First Aid/CPR training, USFS saw training, student loan forbearance, Member Assistance Program, uniform reimbursement.","None — apply at ucc.usu.edu.","Utah (field offices in Logan, Moab, and Cedar City)","Summer (2.5 months), Summer+Fall (5.5 months), or Fall (2.5 months)","Gap year; ages 18+ (AmeriCorps eligibility)","Low-moderate","ACTIVE — 2026 Crew Member position descriptions published by UCC; applications open for summer 2026 season.","https://www.usu.edu/ucc/files/position-descriptions/2026-pds/field-crews/2026-Crew-Member-PD-FINAL.pdf"
"Franciscan Volunteer Ministry (FVM)","Full-year post-graduate Catholic faith-based service program; lay volunteers live in community and serve at social ministry sites. Founded by Franciscan Friars; 9-12 month program.","YOU GET PAID","Monthly stipend (exact amount unverified from operator site; characterized as modest personal stipend) + room and board + monthly house budget for food/gas/household + community car + health insurance + student loan assistance.","None — apply at franciscanvolunteerministry.org. Listed on Catholic Volunteer Network directory.","Philadelphia PA and other Franciscan mission sites","9-12 months","Post-college; open to young adults 21+","Moderate","ACTIVE — listed on Catholic Volunteer Network directory (updated March 2026). Not federally funded.","https://franciscanvolunteerministry.org/"
"Catholic Volunteer Network (CVN) — Member Programs (umbrella)","CVN is a network/directory of 150+ Catholic and faith-based domestic and international full-year volunteer programs; not itself a program operator. Member programs collectively place thousands annually.","YOU GET PAID","Standard CVN member program package: medical insurance + room and board + monthly stipend typically $100-$300/month per program. Some member programs also include education awards. All basics covered; volunteer lives simply.","None — search programs at catholicvolunteernetwork.org. No referral fee.","Nationwide and international; 150+ programs in diverse locations","1 year typically","Post-college; typically 21+","Varies by program","ACTIVE — CVN directory actively maintained and updated in 2026.","https://catholicvolunteernetwork.org/find-programs/"
"Vermont Youth Conservation Corps (VYCC)","Vermont-based conservation and food systems corps; young adults 18-25 work on trail construction, forest restoration, farm projects, and water quality work in Vermont. Not AmeriCorps (state charter corps).","YOU GET PAID","Paid positions; exact 2026 stipend amount unverified from vycc.org. Food and housing provided for residential crews. Some positions include AmeriCorps Education Award.","None — direct application at vycc.org.","Vermont statewide","Seasonal (summer/fall) and year-round options","Gap year; ages 18-25","Low-moderate","ACTIVE — Vermont state-chartered corps; verify at vycc.org.","https://vycc.org/"
"Conservation Legacy — Southwest Conservation Corps (SCC)","AmeriCorps conservation corps program of Conservation Legacy operating in Colorado, New Mexico, and surrounding states; field crews and individual placements do trail work, habitat restoration, wildfire mitigation, and watershed projects.","YOU GET PAID","Living allowance (amount varies; Conservation Legacy programs listed in AmeriCorps portal confirm stipend + education award for 2026 placements). AmeriCorps Education Award ~$7,395 (full-term) upon completion. Health insurance. Specific dollar unverified from swcorps.org for 2026.","None — apply at swcorps.org or conservationlegacy.org.","Colorado, New Mexico, and other Intermountain West states","Seasonal (3-6 months) and year-long individual placements","Gap year; ages 17+","Low-moderate","ACTIVE — Conservation Legacy listings show 2026 placements open.","https://swcorps.org/"
"Conservation Legacy — Appalachian Conservation Corps (ACC)","AmeriCorps conservation corps program of Conservation Legacy operating in Virginia and West Virginia; crews do trail work, stream restoration, invasive species management, and Appalachian forest conservation.","YOU GET PAID","Living allowance (amount varies; stipend + education award confirmed in Conservation Legacy AmeriCorps portal for 2026 placements in VA and WV). AmeriCorps Education Award ~$7,395 (full-term). Health insurance. Specific dollar unverified from conservationlegacy.org/appalachian for 2026.","None — apply at conservationlegacy.org.","Virginia and West Virginia (Appalachian region)","Seasonal (3-6 months) and year-long placements","Gap year; ages 17+","Low-moderate","ACTIVE — Conservation Legacy listings show 2026 VA and WV placements open.","https://conservationlegacy.org/"
"Youth Conservation Corps (YCC)","Federal youth employment program at national parks, forests, wildlife refuges, and fish hatcheries; participants work on conservation, facilities, and visitor services. Paid at minimum wage (state or federal, whichever higher) for 8-18 weeks.","YOU GET PAID","At least state or federal minimum wage (whichever higher), 40 hours/week. Day program (no housing at most sites); Yellowstone is the only overnight residential option. No education award. Separate from AmeriCorps.","None — apply through individual park sites at nps.gov/subjects/youthprograms/ycc.","Nationwide at participating national parks, forests, refuges; 2026 participating parks list published on NPS website","8-18 weeks (typically summer)","Gap year; youth ages 15-18","Low; youth employment program","ACTIVE — applications open for 2026 YCC season per NPS website.","https://www.nps.gov/subjects/youthprograms/ycc.htm"
"Mile High Youth Corps — YouthBuild","AmeriCorps YouthBuild program in Denver targeting youth 18-24 who have dropped out of school; combines GED/HSE academic work with construction skills training and AmeriCorps service hours.","YOU GET PAID","Living stipend during service (exact 2026 amount unverified from milehighyouthcorps.org) + AmeriCorps Segal Education Award + GED/HSE credential + OSHA and construction certifications + case management and wraparound services.","None — apply at milehighyouthcorps.org.","Denver, Colorado","9-12 months","Gap year / GED track; ages 18-24, priority for out-of-school youth","Low; targets opportunity youth","ACTIVE — YouthBuild component may be less affected by AmeriCorps cuts than crew programs; verify at milehighyouthcorps.org.","https://milehighyouthcorps.org/"
"Southeast Conservation Corps (SECC) — Conservation Legacy Tennessee","AmeriCorps conservation corps program of Conservation Legacy in Tennessee and North Carolina; crews do trail construction, stream restoration, and Appalachian/Southern forest conservation. Individual placements available.","YOU GET PAID","Living allowance (stipend; exact 2026 amount unverified from conservation-corps.org). AmeriCorps Education Award upon completion (~$7,395 full-term). Health insurance for qualifying terms.","None — apply at conservation-corps.org or conservationlegacy.org.","Tennessee and North Carolina (Southeast region)","Seasonal and year-long","Gap year; ages 17+","Low-moderate","ACTIVE — Conservation Legacy member listed in AmeriCorps portal for TN and NC placements in 2026.","https://conservationlegacy.org/"
"Volunteer Fire Dept — Free Firefighter I/II + EMT-Basic (generic national pathway)","Join a local volunteer fire company; the department sponsors Firefighter I/II (NFPA 1001) and often EMT-Basic training at zero cost to you. Private-market value of both credentials together: ~$6,000–$8,000.","YOU GET PAID","Training free (dept-paid or state-funded). Some depts pay $10–$15 per answered call; live-in programs provide rent-free housing worth $800–$1,500/mo in addition. Credential value: ~$6,000–$8,000 if bought privately.","No national referral program. Some depts pay small recruitment bonuses informally — verify locally.","Nationwide — search your county's volunteer fire/EMS companies","Ongoing volunteer commitment; training certifications earned in 3–6 months","Post-HS","Open","Operating","https://www.usfa.fema.gov/operations/volunteer/"
"Kensington VFD Live-In Program (Maryland)","Volunteer live-in firefighter/EMT program in Montgomery County MD. Free station housing, free MFRI Firefighter I/II training, free EMT-Basic training. Best-value package: zero tuition + zero rent + Maryland state tuition scholarship access.","YOU GET PAID","Rent-free housing (market value ~$1,200–$1,800/mo in Montgomery County). Free Firefighter I/II + EMT-B training (~$6,500 private value). Eligible for Maryland Charles W. Riley Scholarship (≥50% of tuition at MD college). Credential market value: ~$6,500.","No published referral payment.","Kensington, Maryland (Montgomery County)","Minimum 1 year live-in commitment; ongoing volunteer thereafter","Post-HS","Competitive","Operating","https://kvfd.org/live-in/"
"Maryland MFRI Free Firefighter I/II Training for Volunteers","Maryland Fire and Rescue Institute (a UMD program) delivers Firefighter I/II, Hazmat Ops, and EMS courses at no cost to sponsored Maryland volunteer fire/EMS members. Private-market value of Firefighter I/II: ~$3,500–$5,000.","NET NEUTRAL","Free to sponsored volunteers (dept pays or state pays). No direct stipend unless dept offers per-call pay separately. Credential value: ~$3,500–$5,000.","No published referral fees.","Maryland statewide (regional training centers)","Firefighter I: ~120 hours over 3–4 months; EMT-Basic: ~150 hours","Post-HS","Open (must be sponsored by a Maryland volunteer company)","Operating","https://www.mfri.org/office/wmrtc/"
"Maryland Charles W. Riley Firefighter Scholarship","State scholarship paying ≥50% of tuition (capped at statutory limit) at any Maryland college for active volunteer firefighters/EMS members who meet LOSAP-equivalent point thresholds. Complements free MFRI training with free college credit.","YOU GET PAID","≥50% of annual tuition and mandatory fees at eligible MD institution. Must exhaust other aid first. Apply by April 1 each year through MDCAPS.","No referral payment.","Maryland (any eligible in-state college)","Annual — renewable each academic year while active","Post-HS","Competitive (point/activity threshold; 50-point minimum)","Operating (2025–26 cycle confirmed; 2026–27 opened Jan 15, 2026)","https://mhec.maryland.gov/preparing/pages/financialaid/programdescriptions/prog_fire.aspx"
"New York FASNY HELP Tuition Reimbursement","Federation of NYS Volunteer Fire/EMS tuition reimbursement: active NY volunteer firefighters can receive up to $1,500/semester (100% of tuition) at a New York college or via Empire State University online. Max 100 participants per cycle.","YOU GET PAID","Up to $1,500 per semester (100% reimbursement). Also receives free Firefighter I/II training through local depts (private value ~$4,000–$5,000).","No published referral payment.","New York State","Semester-by-semester; renewable while active","Post-HS","Competitive (capped at 100 participants; apply by Oct 15 / Mar 15)","Operating","https://fasny.com/resources/fasny-help-tuition-reimbursement-program/"
"Pennsylvania State Fire Academy Local-Level Training + EMS Reimbursement","PA Office of State Fire Commissioner delivers Firefighter I/II courses free through local departments. Separately, PA EMS reimbursement pays up to $800 for EMT initial cert (first-come, first-served, state-funded).","NET NEUTRAL","Firefighter I/II training free to PA volunteers. EMT initial cert reimbursement: up to $800 (subject to fund availability). EMT private cost avoided: ~$1,500–$3,000.","No referral payment.","Pennsylvania statewide","Firefighter I: ~120 hours; EMT: ~150 hours","Post-HS","Open (must be affiliated with a PA fire/EMS company)","Operating (verify EMS reimbursement fund status before enrolling)","https://www.pa.gov/agencies/osfc/fire-departments/train/local-level-training"
"Delaware State Fire School — Volunteer Tuition Reimbursement","Delaware active volunteer firefighters receive 100% tuition reimbursement at any in-state college (up to 2 undergrad or 1 grad course per semester, grade C or better required). Run by the State Fire Prevention Commission.","YOU GET PAID","100% tuition reimbursement, max $2,000/year (must exhaust other aid first). Free Firefighter I/II training also available through the Delaware State Fire School.","No referral payment.","Delaware","Semester-by-semester; renewable while active","Post-HS","Open (must be active DE volunteer; apply post-completion within 30 days)","Operating","https://statefireschool.delaware.gov/tuition-reimbursement-program/"
"Virginia VDFP Free Firefighter I/II Training","Virginia Dept of Fire Programs funds statewide Firefighter I/II and other NFPA courses for Virginia volunteer/career firefighters at no tuition cost. Applied for through departments; Aid to Localities grants further subsidize training.","NET NEUTRAL","Free tuition. Credential value: ~$3,500–$5,000 (Firefighter I/II private cost). No direct stipend — per-call pay is department-specific.","No referral payment.","Virginia statewide","Firefighter I: ~120 hours over 3–4 months","Post-HS","Open (must be sponsored by a VA fire dept)","Operating","https://www.vdfp.virginia.gov/training/upcoming-courses/"
"Texas A&M Forest Service RVFDAP Training Tuition Grant","Texas Rural Volunteer Fire Dept Assistance Program pays up to $700/trainee ($15,000/dept/year) for TCFP, SFFMA, or NWCG credentialed courses. Firefighter I/II covered; EMT courses excluded. Dept applies before training starts.","NET NEUTRAL","Training cost covered by dept grant (no out-of-pocket for the trainee). Firefighter I/II private value: ~$3,500–$5,000. Note: EMT costs NOT covered by this program.","No referral payment.","Texas (rural volunteer departments only)","Per-course; Firefighter I ~120 hours","Post-HS","Open (must be affiliated with an eligible rural TX volunteer dept)","Operating (FY26 funding confirmed through May 2026)","https://tfsweb.tamu.edu/grants-financial-assistance/fire-department-programs/volunteer-fire-department-programs/rural-volunteer-fire-department-assistance-program/"
"Volunteer Fire Dept Live-In / Bunk Program (National Pattern — Best Examples)","Departments provide rent-free housing (private bedroom + utilities) in the firehouse in exchange for staffed shifts and emergency response availability. Best packages: Bethesda-Chevy Chase RS (MD) pays $1,000/quarter stipend on top of free housing. Sisters Fire (OR) pays $600–$800/month reimbursement plus scholarship.","YOU GET PAID","Free housing (~$900–$1,800/month market value depending on region) + $0–$1,000/quarter stipend or $600–$800/month. Training (Firefighter I/II + EMT-B) also free. Total first-year value package can exceed $20,000.","No published referral payments.","Nationwide; best-documented: Maryland, Pennsylvania, Oregon, South Carolina","Typically 1-year minimum commitment","Post-HS","Competitive (limited spots per station)","Operating (new openings reported July–Aug 2026)","https://www.bccrs.org/join/live-in/"
"IBEW Inside Wireman Electrical Apprenticeship (JATC)","5-year paid registered apprenticeship run by IBEW local/NECA JATC. Earn while learning — no tuition cost. Credential at completion: Journeyman Electrician license (private trade-school cost: $15,000–$25,000). First year: 40%–55% of journeyman scale.","YOU GET PAID","Year 1: 40%–55% of JW scale depending on local. Example: IBEW Local 428 (1st period) = $26.39/hr vs $58.65 JW (45%). SoCal Local 11 = $30.50/hr (40%). Full benefits package included. Credential value at completion: Journeyman license = $60,000–$100,000+/yr career.","Some locals offer member referral bonuses of $500–$1,000 for recruiting a new apprentice — verify with your local JATC.","Nationwide — apply through local IBEW/JATC","5 years (8,000+ OJT hours + 900 classroom hours)","Post-HS","Competitive (aptitude test, interview, waitlist common)","Operating","https://www.ibew.org/Apprenticeship"
"UA Plumbers/Pipefitters Apprenticeship (United Association)","5-year paid registered apprenticeship; no tuition. Credential: Journeyman Plumber or Pipefitter license. First-year wages: 45%–55% of JW scale by local. UA also provides 2 years of free college credit through partnered institutions.","YOU GET PAID","Year 1 examples: UA Local 9 residential = $15.41/hr (45% of JW); Local 13 = $23.59/hr (50% of JW, effective May 2026). Full benefits. UA's free-college partnership: Piping Industry College free to apprentices.","No published national referral fee. Some locals have informal member-referral incentives.","Nationwide — apply through local UA Training Center","5 years","Post-HS","Competitive (math test, interview; some locals require state apprentice registration)","Operating","https://ua.org/apprenticeship/"
"IUEC Elevator Constructor Apprenticeship (NEIEP)","4–5 year paid apprenticeship; widely cited as the highest-paying building trade at entry. NEBA mechanic base $40.885/hr in 2026; first-period apprentice = 50% (~$20.44/hr base + major benefits). $25 aptitude test fee only. Private trade-school equivalent: ~$20,000+.","YOU GET PAID","Probationary period (0–6 mo): ~50% of mechanic rate = ~$20.44/hr base (NEBA 2026 rate). Local supplements raise this — Local 7 listed $29.41/hr. Full health, pension, annuity benefits. $25 application/testing fee.","No published national referral bonus for the apprenticeship. Member unions may have informal referral incentives.","Nationwide — apply through IUEC local; test via NEIEP","4–5 years (~8,000 OJT hours)","Post-HS","Competitive (EIAT aptitude test, 70% passing score; interview; medical exam)","Operating","https://www.neiep.org/iuec-apprenticeship-faq/"
"Ironworkers Apprenticeship (AIW)","3-year paid registered apprenticeship through the International Association of Bridge, Structural, Ornamental & Reinforcing Iron Workers. No tuition. NYC 2026–27: first-period structural IW apprentices earn $30.74/hr + $64.94/hr in supplemental benefits.","YOU GET PAID","Year 1 range nationally: ~$19–$31/hr depending on local. NYC 2026–27: $30.74/hr + $64.94 supplemental benefits (total package ~$95/hr value). No tuition charged.","Helmets to Hardhats facilitates veteran/military-to-trade placement at no cost to the applicant. No published cash referral payment.","Nationwide — apply through local Ironworkers union or via Helmets to Hardhats (helmetstohardhats.org)","3 years","Post-HS","Competitive","Operating","https://helmetstohardhats.org/explore-construction-careers/ironworkers/"
"SMART Sheet Metal Apprenticeship","5-year paid registered apprenticeship in HVAC, architectural, and industrial sheet metal. No tuition. NYC 2026–27: first 6-month apprentices earn $19.57/hr cash + $8.26 supplemental/hr.","YOU GET PAID","NYC Year 1: $19.57/hr + benefits (2026–27). NJ Local 27: ~$24.91/hr listed Feb 2026. Range nationally: roughly $17–$25/hr in year 1. No tuition.","Helmets to Hardhats facilitates military-connected entry. No published cash referral payment.","Nationwide — apply through local SMART JATC","5 years","Post-HS","Competitive","Operating","https://helmetstohardhats.org/explore-construction-careers/sheet-metal/"
"Helmets to Hardhats (H2H) — Military-to-Apprenticeship Gateway","Free national placement program connecting veterans and Guard/Reserve members to union building-trade apprenticeships (IBEW, UA, IUEC, Ironworkers, SMART, and more). Not a training program itself — it's the referral gateway.","NET NEUTRAL","Free to use. Participants enter apprenticeship at the pay scale of the applicable union local (see individual trade entries). No out-of-pocket cost.","H2H is the referral engine for trades. No cash bonus paid to a recruiter — the benefit is non-cash placement assistance.","Nationwide","Application/placement process; ongoing apprenticeship commitment","Post-HS","Open (military-connected individuals preferred; many trades now open to all)","Operating","https://helmetstohardhats.org/"
"Job Corps — Residential Free Trade Training","Federally funded residential program for low-income 16–24 year olds. Free housing, meals, living allowance (~$25–$100/month), GED preparation, and trade certification (construction, electrical, HVAC, medical, culinary, and more). Status: PROTECTED by Aug 12, 2026 court settlement; 99 contractor centers remain open through FY2027.","YOU GET PAID","Free housing + meals + small living allowance ($25–$100/month cash). Trade certifications (OSHA-10, NCCER, HVAC, electrical) worth $2,000–$8,000 privately. $1.76B in FY2026 congressional funding confirmed.","No published referral payment to outside parties.","99 centers nationwide (residential, must live on-center)","Typically 8–24 months","Post-HS","Open (income/barrier criteria; 16–24 age limit)","Operating — closure threat reversed by Aug 12 2026 lawsuit settlement; funded through June 30, 2027","https://www.dol.gov/agencies/eta/jobcorps; https://njcaweb.org/faq-fy26appropriations/"
"YouthBuild — Pre-Apprenticeship Construction Trades","Federally funded pre-apprenticeship for 16–24 year olds who left high school without a diploma. Free construction skills training, GED prep, and at least one industry credential (OSHA-10, NCCER, HBI, etc.). Biweekly stipend typically $150–$300 by site.","YOU GET PAID","Free training + GED support + biweekly stipend (~$300 biweekly where offered). Credentials: OSHA-10, NCCER Core, or similar (private value ~$500–$2,000). Must meet income/barrier eligibility.","No published referral payment.","Nationwide (local grantees in most states; find at youthbuild.org)","6–18 months depending on local program","Post-HS","Open (income/education barrier criteria)","Operating (new 2025 FOA issued; Mile High Youth Corps cohort confirmed Sep 2026)","https://www.dol.gov/agencies/eta/youth/youthbuild"
"USFS / SCA Trail Crew — Sequoia National Forest","Student Conservation Association partnership: trail building and restoration on national forest lands; physical outdoor crew work","YOU GET PAID","$450/wk living allowance + $650 travel allowance + field meals + gear + Forest Service dormitory/cabin housing during off-time. Not an hourly wage — total ~$450/wk cash in hand","No referral economics; SCA is a nonprofit; positions posted via thesca.org","Sequoia National Forest, CA","~10–18 weeks summer/fall 2026","Post-HS / Both","Open","Operating — SCA 2026 postings active through summer; some slots filling fast","https://www.thesca.org/"
"USFS / SCA Trail Crew — Chugach National Forest, AK","SCA conservation corps: field-based trail and restoration crew in Alaska backcountry; camping throughout season","YOU GET PAID","$300/wk + $1,150 travel allowance + food + transportation + tent/bunkhouse accommodations. Lower weekly stipend but in remote Alaska","No referral economics","Chugach National Forest, AK","~18 weeks summer 2026","Post-HS / Both","Open","Operating — 2026 posting confirmed","https://www.fs.usda.gov/r10/chugach/working-with-us/sca-internships"
"USFS Direct Hire — Forestry Aid / Technician (Trails)","Federal direct-hire seasonal trail and recreation maintenance under Forestry Technician series 0462; GS-03 to GS-05","YOU GET PAID","GS-03: $17.30/hr; GS-04: $17.64/hr; GS-05: $19.52/hr (Kaibab NF 2026 example with locality). Housing: government housing 'may be available' at ~$10.21/day in some locations; check individual announcement","No referral bonus — federal jobs","Kaibab NF (AZ), Flathead NF (MT), and national forests nationwide; varies by announcement","~1,039 hrs (May/Jun–Oct/Nov)","Post-HS / Both","Open","Active but most summer 2026 windows closed Feb–Mar; watch for fall postings and 2027 cycle","https://www.fs.usda.gov/r03/kaibab/working-with-us/2026-seasonal-hiring"
"Vail Resorts (Epic) — Lift Operator","Entry-level ski resort lift operations at Epic pass resorts (Vail, Keystone, Beaver Creek, Breckenridge, Park City and others)","YOU GET PAID","$20/hr (Beaver Creek 2026 posting). Epic season pass provided free (retail value $800+). Housing available at some resorts; Keystone apartments ~$600–$1,000/mo market alternative; not guaranteed at all properties","Unverified for Vail Resorts specifically; individual resorts may have referral bonuses — check on application","Vail, Keystone, Beaver Creek, Breckenridge (CO); Park City (UT); and others nationwide","Winter season, typically Nov–Apr","Post-HS / Both","Open","Operating — 2026/27 winter postings active Aug 2026","https://jobs.vailresortscareers.com/beaver/job/Beaver-Creek-Lift-Operator-CO-81620/1408268900/"
"Vail Resorts (Epic) — Certified Ski Instructor","Ski and snowboard instruction at Epic resorts; teaches all levels from beginners to advanced; certification required for upper range","YOU GET PAID","$21–$64.34/hr (certified, depending on level and teaching hours); non-certified: $20/hr starting. Free Epic season pass (retail $800+). Teaching incentives, lesson premiums add to base","Unverified for Vail Resorts specifically","Multiple Epic resorts: CO, UT, CA, and others","Winter season, Nov–Apr","Post-HS / Both","Competitive (certification required for upper pay)","Operating — 2026/27 postings active","https://jobs.vailresortscareers.com/vail/job/Vail-Certified-Ski-Instructor-CO-81657/1388396800/"
"Alterra Mountain (Ikon) — Lift Operator","Entry ski resort lift operations at Alterra-owned properties (Mammoth, Steamboat, Winter Park, Stratton, Squaw Valley, Blue Mountain, and others)","YOU GET PAID","$21+/hr (Level I lift operator, Alterra 2026/27 posting). Free employee Ikon pass access (retail value: Ikon Base $1,019; full Ikon $1,449). Housing availability and cost vary by resort — contact individually","Unverified","Multiple Alterra resorts: CO, CA, VT, WY, and others","Winter season, Nov–Apr","Post-HS / Both","Open","Operating — 2026/27 hiring underway","https://www.alterramtn.co/en/careers"
"Alterra Mountain (Ikon) — Ski/Snowboard Instructor","Ski and snowboard instruction at Alterra resorts; pay ranges with certification, experience, and lessons taught","YOU GET PAID","$19–$45/hr or $20–$41.25/hr depending on resort and certification (2026/27 postings). Free Ikon multi-resort pass access (retail ~$1,019–$1,449). Lessons incentive pay on top of hourly base","Unverified","Mammoth (CA), Steamboat (CO), Winter Park (CO), and other Alterra properties","Winter season, Nov–Apr","Post-HS / Both","Competitive (certification boosts pay significantly)","Operating — 2026/27 postings confirmed","https://www.alterramtn.co/en/careers"
"Aspen Snowmass — Lift Attendant","Entry-level lift operations at Aspen or Snowmass ski resort; loading guests, safety checks, lift startup/shutdown","YOU GET PAID","$21.40/hr (verified from Aspen Skiing Company 2026/27 SmartRecruiters posting). Employee ski pass included. Limited company housing (~1,300 beds in Roaring Fork Valley); first-season employees prioritized","Unverified","Aspen / Snowmass Village, CO","Winter season, Nov–Apr","Post-HS / Both","Open","Operating — 2026/27 hiring confirmed","https://jobs.smartrecruiters.com/AspenSkiingCompany/744000140525430-lift-attendant-winter-26-27"
"Aspen Snowmass — Ski Instructor","Ski instruction at Aspen/Snowmass; for beginners, entry pay is $20 budgeted; typical pay for lessons taught is substantially higher","YOU GET PAID","Budgeted base $20/hr; typical total for lessons: $32.04–$56.98/hr. Level 2+ certified instructors same typical range. Employee ski pass included. Limited employee housing; Ski/Snowboard Pros advised not to count on it","Unverified","Aspen / Snowmass Village, CO","Winter season, Nov–Apr","Post-HS / Both","Competitive (Level 2+ cert for top pay)","Operating — 2026/27 postings on SmartRecruiters","https://jobs.smartrecruiters.com/AspenSkiingCompany/744000134893910-ski-instructor-winter-26-27"
"Aspen Snowmass — Basic Ski Patrol","Entry ski patrol at Aspen or Snowmass; emergency response, lift safety, avalanche mitigation, first aid on mountain","YOU GET PAID","$24/hr (verified from Aspen Skiing Company 2026/27 posting). Employee ski pass. Requires current first-aid/EMT certification and skiing ability","Unverified","Aspen / Snowmass Village, CO","Winter season, Nov–Apr","Post-HS / Both","Competitive (certifications required)","Operating — 2026/27 hiring confirmed","https://jobs.smartrecruiters.com/AspenSkiingCompany/744000140321470-ski-patrol-basic-winter-26-27"
"Bruderhof Communities","Christian intentional communities (Anabaptist tradition) with ~3,000 members across USA, UK, Germany, Paraguay, Australia. Visitors and seekers are welcomed for extended stays to explore community life. All property and income is communal; visitors work alongside members.","NET NEUTRAL","Guest stays are free — no fee charged to visitors. Room and board provided. Long-term seekers are expected to contribute labor. No cash exchanged. Flights own cost.","None.","USA (NY, PA, WA, CT), UK, Germany, Paraguay, Australia","Days to months (by arrangement)","Gap year / spiritual/communal","Moderate — contact via bruderhof.com to arrange a visit","Active. bruderhof.com operational 2026.","https://www.bruderhof.com"
"L'Arche Communities (USA)","International network of faith-based communities where people with and without intellectual disabilities share life together. US assistants (live-in volunteers) receive room, board, stipend, and sometimes health coverage in exchange for care work.","YOU GET PAID","$0 cost. Room and board provided. Stipend varies by community (typically $200–$500/month). Health insurance commonly included. 1-year commitment typical. Open to people of any or no faith.","None.","USA (multiple communities in many states) and worldwide","1 year minimum typical","Gap year / service year","Moderate — application, interview, discernment process","Active. larche.org and larcheusa.org operational.","https://www.larcheusa.org"
"Pendle Hill Quaker Study Center","Quaker residential center in Wallingford, PA offering work-study residencies where participants assist in the community in exchange for reduced tuition/fees for courses and programs. Not purely a labor-for-board arrangement; primarily educational with a work component.","YOU PAY","Work-study assistants pay reduced fees. Full residential program fees are substantial (tuition + room/board can be $1,000+/month before assistance). Financial aid and scholarships available. Not a zero-cost option for most. Classify as YOU PAY unless scholarship secured.","None.","Wallingford, Pennsylvania, USA","Semester or full year","Gap year / educational/spiritual","Moderate — application required","Active. pendlehill.org.","https://www.pendlehill.org"
"Oxbow Farm Integral Ecology Apprenticeship (Catholic Worker)","Catholic Worker-affiliated farm in Maryland seeking 1–2 integral ecology apprentices for 6-month minimum stay (Feb–Nov). Combines organic farming with faith-based community life, agroecology education, and works of mercy. Labor-for-room-board-stipend arrangement.","YOU GET PAID","$0 cost. Compensation package (confirmed catholicworker.org listing, Nov 2025 for 2026 season): agroecology classes, 'really good food,' large private room in shared house, $1,000/month stipend. 30–40 hrs/week farm labor expected. Background check required.","None.","Freeport, Maryland, USA","6 months minimum (Feb–Nov 2026)","Gap year / service + farming","Moderate-high — experience in farming and community living required; rolling applications","Active. Listing posted November 2025 for 2026 season on catholicworker.org.","https://catholicworker.org/oxbow-farm-2026-integral-ecology-apprenticeship"
"WWOOF Australia","Australian national WWOOF organization. Same model: farm labor ~4–6 hrs/day for room and board. Australia is one of the most popular WWOOF destinations for US gap-year travelers due to Working Holiday Visa (WHV) availability.","YOU PAY","WWOOF Australia membership: unverified exact 2026 fee (not listed in searched data — typically AUD $70–$80/year per historical data). Flights USA–Australia: $1,000–$1,600 return. Working Holiday Visa: AUD $635 (mandatory for non-tourists working). All-in first year cost: approximately $2,000–$2,500+. Classify as YOU PAY once flights and visa are totaled.","None.","Australia","Flexible","Gap year / exploration","Low","Active. wwoofaustralia.com operational. Unverified 2026 fee — check wwoofaustralia.com directly.","https://wwoofaustralia.com"
"Hostel Work Exchange / Karma Worker","Many independent hostels worldwide (and some through Worldpackers/Workaway) offer a 'karma worker' or 'volunteer' arrangement: 15–25 hrs/week of reception, cleaning, or activity-hosting work in exchange for a free dorm bed. Not a centralized program — negotiate directly with individual hostels.","NET NEUTRAL","No platform fee if arranged directly. No cash exchanged: bed provided, meals typically not included (hostel kitchen access often given). Use Worldpackers ($59/yr) or Workaway ($69/yr) to find vetted hostel listings, or contact hostels directly for free. Flights own cost. A US-based hostel work exchange can be truly cost-neutral if local.","Via Worldpackers or Workaway affiliate programs if used as the search platform (see those rows).","Worldwide; also USA domestic (limited)","Weeks to months","Gap year / exploration","Low","Active. Arrangements negotiated directly. Safeguarding risk: unvetted direct arrangements — use a platform with reviews.","https://www.worldpackers.com (for vetted listings)"
"Yoga / Permaculture Ashram Karma Yoga","Many yoga centers, permaculture farms, and ashrams worldwide accept karma yoga volunteers who work 4–6 hrs/day in the community in exchange for accommodation and meals, plus free access to classes. Examples: Kripalu (MA), Esalen (CA), various permaculture centers.","NET NEUTRAL","Varies by center. Many US ashrams and retreat centers offer free board + free classes in exchange for 4–5 hrs/day kitchen, garden, or housekeeping work. Some charge a nominal program fee. Externally arranged; use Worldpackers, Workaway, or direct center contact to find 2026 openings.","Via Worldpackers or Workaway affiliate programs if used as search platform.","USA and worldwide","2 weeks to 3 months typical","Gap year / wellness","Low-moderate","Active. Specific listings vary — search permacultureglobal.com or the work-exchange platforms.","https://permacultureglobal.org"
"Crewseekers (UK-based, global)","UK-based boat and crew matching platform, similar to Findacrew. Crew offer sailing labor in exchange for a berth. Primarily recreational passages, deliveries, and blue-water cruising. Established alternative to Findacrew with focus on European and Atlantic routes.","NET NEUTRAL","Annual membership fee: unverified exact 2026 amount (historically £50–70/year for crew). Berth is free in true work-exchange positions; some skippers ask crew to share provisions costs. Flights own cost.","None publicly documented.","Worldwide (UK-originated, strong European / Atlantic coverage)","Days to months per passage","Gap year / adventure","Moderate","Active. crewseekers.net operational. Fee unverified — check crewseekers.net directly for 2026 pricing.","https://www.crewseekers.net"
"Concordia International Volunteer Projects (UK)","UK-based international workcamp coordinator, part of the Coordinating Committee for International Voluntary Service (CCIVS). Places volunteers in 2–3 week community workcamps in Europe, Americas, Africa, Asia. Accommodation and meals included.","YOU PAY","Registration fee: approximately £250–£300 (unverified exact 2026 UK fee; note US applicants typically coordinate via SCI-IVS USA or VFP, not directly through Concordia). Flights not included. All-in from USA: $1,000+. Classify as YOU PAY. Note: Concordia is UK-headquartered; US participants often access equivalent camps via SCI or VFP.","None.","Europe, Americas, Africa, Asia","2–3 weeks per workcamp","Gap year / short immersion","Low-moderate","Active. concordia-iye.org.uk operational.","https://www.concordia-iye.org.uk"
"ATTRA / NCAT Sustainable Agriculture Internship Listings","Not a program itself — ATTRA (National Sustainable Agriculture Information Service), operated by NCAT, maintains a searchable database of farm internships and apprenticeships across the USA. Most listed positions offer housing; many offer stipends. A free aggregator for finding paid or housing-included farm placements.","YOU GET PAID","Using ATTRA is free. Individual listed positions vary — many include housing plus stipend ($200–$1,500/month range). Participant pays transport to farm. Browse at ncat.org/internship.","None.","USA-wide (hundreds of listings)","Varies by position (weeks to full season)","Gap year / career entry","Varies by individual farm","Active. ncat.org/internship confirmed May 2026 updated listings.","https://www.ncat.org/internship"
"CIEE Gap Year Abroad – High School / Teen Programs","CIEE (nonprofit study abroad org) offers gap year programs for recent high school graduates: multi-destination tours (Europe, Latin America), language and culture immersion, homestays, and optional ASU college credit online. Ages 18+ post-grad.","YOU PAY","12-week programs: $17,500 (e.g., Europe Tour: Spain-Italy-France). Average CIEE semester abroad: $19,850 (Europe $20,950; Latin America $17,950). Fees include housing, orientation, activities, iNext travel insurance, 24/7 support. Meals and flights NOT included. All-in semester estimate: $20,000–$24,000.","CIEE is a nonprofit. CIEE pays institutional agents in the study-abroad market; industry standard is 10–15% of program fee. CIEE has historically maintained a school partner and agent commission structure for college study-abroad. Specific gap-year rate unverified. Mark: practice exists, rate private (sector norm applies).","Europe (Madrid, Rome, Paris, Barcelona, Seville, etc.), Latin America (Costa Rica, Chile, etc.)","12 weeks (semester) or multi-block","Post-high school gap year, ages 18+","Application required; rolling admissions; no minimum GPA stated for gap programs","ACTIVE – Fall 2026 programs listed with specific dates; CIEE Fall 2026 fee worksheet published January 2026","https://www.ciee.org/go-abroad/high-school-study-abroad/gap-year/programs/spain/madrid/europe-tour"
"NOLS – Semester in East Africa","NOLS (National Outdoor Leadership School) flagship international semester: 75 days in Tanzania (Ngorongoro, Kilimanjaro, Maasai communities, wildlife). Wilderness skills, leadership, and Leave No Trace training. 16 college credits available. Ages 18+.","YOU PAY","Tuition: $17,870 (Sep 13–Nov 26, 2026 session). Equipment deposit: $500 (refundable). International flights to Kilimanjaro International Airport (JRO) NOT included (~$1,200–$2,000). Travel insurance recommended (~$200–$400). All-in estimate: $19,770–$20,770. NOTE: NOLS tuition does not include meals beyond field rations already factored into tuition.","NOLS does NOT pay counselor or IEC commissions. NOLS is a well-known ethics-first operator that explicitly states it does not pay referral fees. Accepts AmeriCorps education awards and 529 plans. Mark: NO COMMISSION PAID – publicly known NOLS policy.","Tanzania, East Africa (Arusha base; field travel to Kilimanjaro, Ngorongoro)","75 days (~11 weeks)","Gap year / young adult, ages 18+","Application required; rolling admissions; no stated minimum GPA but must meet Essential Eligibility Criteria","ACTIVE – Fall 2026 session confirmed with live pricing on NOLS website","https://www.nols.edu/course/exp/semester-in-east-africa-sat/session/768389_13-sep-2026_nols_arusha-tanzania-united-republic-of_split1_tuition-65/"
"NOLS – Fall Semester in the Rockies","NOLS domestic semester in western US: 74 days of canyoneering, canoeing, rock climbing, and winter skills across Wyoming. Certifications: Wilderness First Aid, CPR, LNT Level 1. 16 college credits. Ages 17+.","YOU PAY","Tuition: $15,630 (Oct 1–Dec 13, 2026). Equipment deposit: $1,000 (refundable). Fly into Riverton, WY (RIW); domestic flights not included (~$200–$600). All-in estimate: $16,830–$17,230.","Same as all NOLS programs: NO COMMISSION PAID. NOLS does not pay IEC or counselor referral fees. Mark: explicit no-commission policy.","Lander, WY and western US (canyons, mountains)","74 days (~11 weeks)","Gap year / young adult, ages 17+","Application required; rolling admissions","ACTIVE – Fall 2026 session live on NOLS website with pricing","https://www.nols.edu/course/exp/fall-semester-in-the-rockies-fsr/session/768493_01-oct-2026_nols_lander-wy-united-states_split_tuition-65/"
"NOLS Wilderness First Responder (WFR)","NOLS Wilderness Medicine 9–10 day WFR certification course; industry-standard credential for outdoor professionals, guides, trip leaders, and wilderness expeditions. Trains 300,000+ students to date. Earns CPR, WFR, and epinephrine auto-injector certification. 3 college credits available.","YOU PAY","Tuition: $925 (base, no lodging) to $1,150 (with lodging). Optional 3 college credits through University of Utah ($300) or Western Colorado University ($495). All-in with lodging and credit: ~$1,450–$1,650. No international travel costs.","NOLS does NOT pay counselor or IEC referral fees. Same explicit no-commission policy as all NOLS products. Mark: NO COMMISSION PAID.","Multiple US locations (Cullowhee NC, Flagstaff AZ, and others via certified partner providers)","9–10 days (80 hours)","Pre-career / gap year career certification, ages 16+","Open enrollment; rolling registration","ACTIVE – Multiple 2026 sessions listed on NOLS website","https://www.nols.edu/course/wm/wilderness-first-responder-wfr/"
"SEA Semester / Sea Education Association","Accredited college-credit program (operated since 1971) combining shore-based and ocean-based study aboard tall ships. Programs in Atlantic, Pacific, and Caribbean; students earn 17 college credits from accreditation by NEASC/NECHE. Popular pre-gap-year or post-bacc option.","YOU PAY","Tuition approximately $21,000–$24,000 per semester (12 weeks; includes ship berth, food, academic coursework, and research). Flights to departure port not included. All-in estimate: $22,500–$26,000. NOTE: price unverified at SEA's own 2026 page – check sea.edu.","No public IEC or counselor commission program found. Academic/institutional referrals via financial aid transfer. Mark: unverified – likely no published consumer-facing commission structure given nonprofit academic status.","Atlantic, Pacific, Caribbean (varies by program)","12 weeks (semester)","Gap year or college-level, ages 17+","Selective; application required; academic preparation expected","ACTIVE – sea.edu lists 2026–27 programs; verify specific voyage availability","https://www.sea.edu/programs"
"Semester at Sea – Fall 2026 Voyage","Accredited floating university operated aboard a ship; students travel to 10+ countries in one semester earning 12–15 college credits via Colorado State University. Visits Europe, South America, Africa, and Asia in Fall 2026.","YOU PAY","Standard cabins: $34,900 (includes tuition, housing, meals, academic field classes, internet starter package, travel health insurance, fuel fee). Premium cabins: $39,900. Does NOT include flights to/from embarkation port (~$500–$2,000 depending on home city), visa fees (~$0–$500), and personal spending (on-shore excursions). All-in standard estimate: $36,900–$39,400.","Semester at Sea has a formal institutional partner program and works with IECs; partner commission structure exists but is not published publicly on the website. Sector norm for accredited study-abroad: 10–15% of program fee paid to referring agents. Mark: practice exists, rate private.","Ship-based; Fall 2026 visits Europe, South America, Africa, Asia (10+ countries)","~100+ days (semester)","College-level / gap year post-high school, ages 18+","Selective; application required; academic standing required","ACTIVE – Fall 2026 voyage pricing confirmed at $34,900–$39,900 on semesteratsea.org","https://www.semesteratsea.org/voyages/fall-2026/fees/"
"Alzar School – Gap Program","Small-group, Idaho-based gap semester at Alzar School: whitewater kayaking and rafting instruction, outdoor leadership, academic curriculum, exchange to Patagonia. Holistic outdoor education with professional instruction. Gap-specific program separate from high school semester.","YOU PAY","Tuition + room and board: $39,000 (2026–27 rate per official website). International flight and student expense account: $3,000. Total all-in as published: $42,000. Insurance also required (included in tuition). Note: one of the most expensive per-semester programs in this sector.","No public IEC or counselor commission program found. Alzar is a small, specialized operator; sector norm (10–15% band) may apply informally. Mark: practice likely private, rate unverified.","Idaho (US base) + Patagonia exchange (Chile)","Semester (~4 months)","Post-high school gap year","Selective; application required; outdoor skill interest/experience preferred","ACTIVE – 2026–27 tuition published on alzar.org as of research date","https://alzar.org/tuition-financial-aid/"
"Global Vision International (GVI)","UK-headquartered voluntourism operator running 20+ wildlife and marine conservation stations worldwide (Peru, South Africa, Seychelles, Costa Rica, etc.). Offered internships and volunteer placements in conservation, education, and community development.","YOU PAY","Fees ranged approximately £2,000–£10,000+ per placement (£4,557 paid by one documented student for South Africa; £10,000 for game reserve apprenticeship). USD equivalent roughly $2,500–$13,000. No refunds issued at collapse.","No referral program relevant – company is in liquidation. Previously operated with standard voluntourism agent/referral network. No public commission rates published.","Peru, South Africa, Seychelles, Costa Rica, and 20+ other sites worldwide","Weeks to months (varies by placement)","Post-high school / university gap year","Open enrollment (paid placement)","COLLAPSED – Entered liquidation June 30–July 1, 2026. All programs cancelled, no refunds issued. Website taken offline. Original entity also went into voluntary liquidation September 2025. DO NOT BOOK. Liquidators: RG Insolvency.","https://www.crbcnews.com/articles/6a5b657635dbea4252e4ad8c"
"IVHQ – International Volunteer HQ","Self-described 'world's largest' affordable volunteer abroad platform. Fully hosted programs in 50+ destinations; teaches English, childcare, healthcare support, wildlife conservation, building projects. Registration fee + per-destination program fee model.","YOU PAY","Registration fee: US$329 (covers pre-departure support). Program fee: varies by destination and duration; starts from approx. AU$29/day ($~18 USD/day) for some programs. Example: 2 weeks in Costa Rica ~$350–$700 program fee + $329 registration = $679–$1,029. Longer programs ~$1,000–$3,000 total for 4–8 weeks. International flights and insurance NOT included and are participant's responsibility.","IVHQ operates an affiliate/referral program for bloggers, travel influencers, and educational counselors. Published affiliate commission rates are in the range of 5–10% of program fee per conversion (unverified specific rate – check ivhq.com/affiliate). Mark: affiliate program confirmed to exist; specific rate unverified.","50+ countries across Africa, Asia, Latin America, and Pacific","1–24 weeks (flexible)","Gap year / post-secondary, ages 18+","Open enrollment; background check required for some programs","ACTIVE – Website operational; programs listed","https://www.volunteerhq.org"
"Projects Abroad – Gap Programs","UK-founded (1992) international volunteering and internship provider operating in 26 countries. Gap programs for ages 17–24; structured volunteer placements in teaching, healthcare, conservation, and construction. Operates to BS 8848 adventure travel standard. 140,000+ alumni.","YOU PAY","Program fees vary widely by destination and duration. Short-term (2 weeks) example: approximately $2,000–$3,000 (Africa/Asia). Longer gap placements (3–6 months): $6,000–$15,000+. International flights NOT included. All-in estimate for 1-month gap placement: $3,500–$5,000. NOTE: Mark as 'unverified 2026 exact price' – confirm at projectsabroad.org.","Projects Abroad operates a school/educator partner program and referral network; commission structure exists but rates are not published publicly. Sector norm: 10–15% of program fee for agent/counselor referrals. Mark: practice exists, rate private.","26 countries across Africa, Asia, Europe, Latin America, South Pacific","2 weeks to 6+ months (flexible)","Gap year / young adult, ages 17–24","Open enrollment with application; some structured programs more selective","ACTIVE – Website active; 200+ programs listed; BS 8848 compliant","https://www.projectsabroad.org/volunteer-programs/costs-and-fees/"
"Greenhorns Network / Beginning Farmer Resource","Non-profit media and networking organization supporting beginning farmers. Publishes the Guide to Beginning Farming, lists farm internships and apprenticeships, and maintains a directory of farm-based learning opportunities. A free resource aggregator, not a placement program itself.","NET NEUTRAL","Using Greenhorns is free. Individual listed positions vary widely — many are paid or room-and-board exchange. Greenhorns does not charge participants. Participant pays travel to farm.","None.","USA-wide (primarily northeast/west coast)","Varies by listed opportunity","Gap year / career entry","Varies by farm","Active. thegreenhorns.net operational.","https://www.thegreenhorns.net"
"Iona Community (Scotland)","Ecumenical Christian community based on the Isle of Iona, Scotland. Iona Abbey and MacLeod Centre welcome residential volunteers ('volunteers') who work with the island staff in hospitality, cooking, housekeeping in exchange for accommodation, meals, and community life. Seasonal program.","NET NEUTRAL","Accommodation and meals provided to resident volunteers. Exact pocket money/stipend: unverified — historically volunteers received a small weekly allowance. Flights from USA to Scotland: $600–$1,000+. Application required. All-in first year: significant travel cost.","None.","Isle of Iona, Scotland, UK","3–6 months seasonal (spring–autumn)","Gap year / spiritual","Moderate — application required","Active. iona.org.uk operational.","https://iona.org.uk"
"Upaya Zen Center (New Mexico)","Rinzai Zen Buddhist practice center in Santa Fe, NM. Offers resident practitioner positions ('work practice residents') who live in community, participate in Zen training, and contribute 5 hrs/day of work (cooking, admin, garden) in exchange for accommodation, meals, and dharma study.","NET NEUTRAL","Room and board provided. Work residents may pay a nominal program fee (unverified exact 2026 amount — historically Upaya charges a modest monthly contribution). Domestic travel within USA — lower cost barrier than international programs.","None.","Santa Fe, New Mexico, USA","Minimum 3 months; up to 1 year","Gap year / contemplative","Moderate — application and interview required","Active. upaya.org operational.","https://www.upaya.org"
"Ski / Mountain Resort Seasonal Housing Exchange","Many ski resorts and mountain lodges offer 'ski-bum' employment packages where seasonal workers receive subsidized or included employee housing in exchange for season-long commitment. Not a pure work-exchange — workers are paid employees — but housing is dramatically subsidized or free.","YOU GET PAID","Workers are paid minimum wage or above. Housing: many resorts (Vail, Telluride, Jackson Hole, Alta, etc.) offer employee housing at zero or very low cost in exchange for employment commitment. Housing quality varies from dorms to shared units. Worker must arrange travel to resort.","None centralized.","USA (CO, UT, WY, VT, CA mountain resorts) and abroad","Full season: November–April approximately","Gap year / seasonal employment","Low-moderate — standard employment hiring","Active. Hire for 2026–27 season typically begins September–October 2026.","https://www.vailresortsjobs.com (example)"
"Eco-Lodge / Permaculture Farm Volunteer (via Permaculture Global)","Eco-lodges, permaculture farms, and intentional communities worldwide list volunteer positions on Permaculture Global (permacultureglobal.org) and similar platforms. Workers contribute farm, construction, or hospitality labor in exchange for accommodation and meals. Hundreds of listings globally.","NET NEUTRAL","Permaculture Global listing is free to browse. Individual hosts set terms — most offer accommodation and meals; some offer pocket money. No platform membership fee. Flights own cost.","None.","Worldwide; many USA listings","2 weeks to 3 months typical","Gap year / ecological","Low-moderate","Active. permacultureglobal.org operational.","https://permacultureglobal.org/projects"
"WWOOF Canada","Canadian national WWOOF organization. Same farm-labor-for-room-and-board model. Canada is accessible to US citizens without a visa for short stays.","NET NEUTRAL","Membership fee: CAD $59/year individual (~$37 USD equivalent, per help.wwoof.net March 2026 fee table which lists Canada at CAD $59 individual / CAD $89 dual). US citizens can WWOOF in Canada visa-free for tourist stays. Ground transport only from US — lowest barrier international WWOOF option. Net-neutral for domestic US-to-Canada trip by bus or car.","None.","Canada (farms nationwide)","Flexible","Gap year / exploration","Low","Active. wwoofcanada.org.","https://wwoofcanada.org"
"IJGD (Germany) / UNA Exchange (UK) — Workcamp coalitions","IJGD (Internationale Jugendgemeinschaftsdienste) is a major German workcamp organization with international volunteer opportunities. UNA Exchange is the UK workcamp coordinator, part of the global CCIVS network alongside SCI. Both place volunteers in 2–3 week workcamps with accommodation and meals included.","YOU PAY","IJGD: typically €100–€200 registration fee per workcamp (unverified 2026 exact rate; US participants typically apply via SCI or VFP as a sending organization). UNA Exchange: similar UK-centered fees. Flights USA–Europe: $600–$1,200. All-in from USA: $800–$1,500+. Classify as YOU PAY.","None.","Germany (IJGD); UK and international (UNA Exchange)","2–3 weeks per workcamp","Gap year / short immersion","Low-moderate","Active. ijgd.de and una-exchange.org operational.","https://www.ijgd.de"
"Workaway (USA domestic hosts)","While Workaway is a global platform, many US-based hosts list positions — farms, hostels, family homesteads, eco-projects. A US participant on a US host placement can achieve a truly cost-neutral gap experience with just the $69 platform fee and domestic travel.","NET NEUTRAL","$69/year membership (confirmed). Domestic travel cost only for US placements. Truly net-neutral if you drive to a nearby host. No flights needed. Platform fee is the only reliable cost.","See main Workaway row: refer 3 friends for free membership extension; 8 referrals triggers formal affiliate with monthly PayPal commission.","USA domestic (also worldwide)","Weeks to months","Gap year / exploration","Low","Active.","https://www.workaway.info/en/search#usa"
"Meddeas (Spain private school language assistant)","Private organization placing native English speakers as language assistants in private and semi-private Spanish schools. Does not require a degree or teaching experience. Pays a monthly grant and provides a student visa sponsorship. Different from government NALCAP — Meddeas works with private schools.","YOU GET PAID","Monthly grant EUR 700–1,000/mo depending on school and hours. Meddeas charges applicants a program fee of approximately EUR 400–600 (varies by program). No housing provided. Visa fees additional (~EUR 160). Net positive over 9-month placement but program fee is a real upfront cost.","Meddeas has an affiliate referral program for bloggers and study abroad advisors. Published rate: EUR 50–150 per successfully placed referral (contact Meddeas partner page for current rates). Schools pay Meddeas a placement/management fee (unpublished).","Spain (Madrid, Barcelona, Andalucia, and other regions; private/concerted schools)","9 months (October–June)","Age 21–35. No degree required. US citizenship.","Low-Moderate — rolling admissions; Meddeas accepts several hundred US participants/year","OPEN to US citizens. EUR 400–600 program fee required. Bachelor's preferred but not mandatory.","https://www.meddeas.com"
"Yacht Crew / Junior Steward(ess) — Antibes/Fort Lauderdale","Entry-level superyacht interior crew (steward/stewardess) work. No yachting experience required but STCW Basic Safety Training certification is mandatory before working. US citizens work on international-flagged yachts in the Med (Antibes, Monaco) or Caribbean/Florida (Fort Lauderdale). Dock walking and crew agencies (Meridian, Luxury Yacht Group) to find first jobs.","YOU GET PAID","Junior steward/ess: USD $2,200–3,300/mo + tips (charter yachts tip significantly — $500–2,000+ additional/charter). STCW course cost: USD $900–1,400 (1-week in-person). Stewardess training bundle (IAMI GUEST + STCW): USD $1,500–2,500. Gratuities not guaranteed on private yachts. Housing typically provided onboard. Net positive from month 1 after training cost recouped.","Crew agencies (Meridian, YPI Crew, Luxury Yacht Group) charge boats owner-side placement fees (1 month's salary per placed crew, approx. USD $2,200–3,300 per junior stew). No participant-facing fee from reputable agencies. Training schools (Galileo Maritime Academy, Maritime Professional Training Fort Lauderdale) run affiliate programs — typically 10–15% of course fee (~USD $150–250/referral).","Antibes, France (Med season April–Oct); Fort Lauderdale / Caribbean (Nov–Apr)","Seasonal (6–12 months); rotational contracts on larger yachts","Age 18+. No degree needed. STCW certification required before first paid position.","Low-Moderate — entry-level positions are competitive in Antibes (dock-walk season March–May). Fort Lauderdale slightly more accessible.","OPEN to US citizens. US-flagged yachts hire directly; international-flagged yachts may require Schengen visa planning (B-1/B-2 covers initial dock walk in Antibes).","https://galileomaritimeacademy.com/course/steward-ess-training/"
"CIEE Teach Abroad (Thailand, Spain, South Korea)","Private non-profit operator offering structured paid teaching placements in Thailand, Spain, South Korea, and other countries. Bundles visa support, in-country orientation, and job placement. Different from government programs — CIEE charges program fees but handles bureaucracy.","YOU PAY","Program fee: USD $1,300–2,500 upfront depending on country. Stipend varies: Thailand USD $600–900/mo, Spain EUR 700–1,000/mo, South Korea USD $1,600–2,200/mo. Net over a year: Korea is net positive by USD $10,000+ (YOU GET PAID in year 1); Thailand is approximately breakeven or slightly negative in year 1 after program fee and flights (YOU PAY in year 1). Money Direction set to YOU PAY to reflect the mandatory upfront program fee present in all placements; Korea participants should expect net positive once that fee is recouped.","CIEE runs an affiliate program for education consultants and bloggers. Published commission: 5–10% of program fee per referred enrollee (~USD $65–250/referral). Recruiters also earn employer-side commissions in Korea (1 month salary) paid by school partners.","Thailand (Bangkok, Chiang Mai), Spain, South Korea, and other countries","4–12 months depending on program","Age 18+. Bachelor's degree required for most placements. US citizenship.","Low — rolling admissions; CIEE places several thousand participants/year","OPEN to US citizens. Program fee required. Thailand: YOU PAY in year 1 if factoring program fee + flights. Korea: YOU GET PAID even in year 1.","https://www.ciee.org/go-abroad/high-school-study-abroad/teach"
"Australia Ski Resort Seasonal Work (via subclass 462)","US citizens on the Australia Work and Holiday Visa (462) can work in ski resort towns (Perisher, Thredbo, Falls Creek, Mt. Buller) during the Australian winter season (June–September). Hospitality, lift operation, ski hire, childcare roles available. No separate program — uses the 462 visa.","YOU GET PAID","Australian minimum wage AUD $24.10/hr (2026). Hospitality and ski resort staff typically AUD $27–32/hr including casual loading. Accommodation often provided by resort employers at subsidized rates (AUD $150–300/wk deducted). Net savings over 4-month season: AUD $8,000–16,000 depending on role and accommodation arrangement. Plus 462 visa fee AUD $840 upfront.","Ski resort companies (Vail Resorts managing Perisher, Thredbo Resorts) recruit directly. No formal affiliate program. Working holiday job boards (e.g. Seek, Gumtree) no recruiter fee for seasonal roles.","Australia (Snowy Mountains, NSW; Victoria ski resorts)","4 months (June–September) as part of 12-month 462 visa","Age 18–30. Requires 462 visa (tertiary education evidence). Apply Feb–April for June start.","Low-Moderate — high demand; accommodation packages fill fast","OPEN via Australia Work and Holiday Visa (subclass 462). US citizens eligible.","https://immi.homeaffairs.gov.au/visas/getting-a-visa/visa-listing/work-holiday-462"
"New Zealand Farm and Hospitality Work (WHV)","US citizens on the New Zealand Working Holiday Visa can work in hospitality, agriculture (fruit picking in Hawke's Bay, Marlborough, Central Otago), and adventure tourism. Regional work for 3 months in horticulture/viticulture earns a 3-month visa extension.","YOU GET PAID","NZD $23.15/hr minimum wage (2026). Fruit picking (piece rate) may earn NZD $18–28/hr. Hospitality in Queenstown/Wanaka typically NZD $23–30/hr. Seasonal accommodation NZD $150–300/wk. Net savings over 12 months (with extension): NZD $12,000–25,000. NZD $770 + $100 IVL visa fee upfront.","Seasonal employers (vineyards, orchards) recruit directly via SeasonalWork.govt.nz. No recruiter fee for working holiday visa holders. Hospo/tourism recruitment agencies charge employers 10–15% of first year salary (unpublished).","New Zealand (Hawke's Bay, Marlborough, Otago, Queenstown, Auckland)","12 months + 3-month extension via seasonal work","Age 18–30. No degree required for the visa itself.","Low — US scheme uncapped; entry-level hospitality and farm work widely available","OPEN to US citizens via NZ Working Holiday Visa. Uncapped.","https://www.immigration.govt.nz/work/working-holiday-visas/"
"Essential TEFL Bangkok (Thailand teaching with TEFL certification)","Bangkok's only in-person TEFL course (120 hours) with guaranteed job placement at Thai private schools through Essential Educational Staffing, Thailand's largest teacher recruitment agency. US citizens enter on a tourist visa then convert to Non-B work visa. Course price includes placement support.","YOU PAY","Course fee: 45,000 THB (~USD $1,300). Thailand entry-level teacher salary: THB 35,000–45,000/mo (~USD $1,000–1,300) at Bangkok private schools. Year 1: approximately breakeven or slightly negative after course fee, flights (~USD $1,200), and initial costs. Year 2+ significantly positive.","Essential TEFL affiliate program pays USD $270/referred enrollee (highest in the TEFL affiliate market). Published rate on their affiliate portal. Essential Educational Staffing charges schools approximately 1 month's salary placement fee (unpublished to teachers).","Thailand (Bangkok)","4-week TEFL course then 1-year teaching contract","Age 18+. Bachelor's degree required for Thai Non-B work visa. US citizenship.","Low — rolling intake; placement guaranteed through agency","OPEN to US citizens. Requires Non-B work visa (employer-sponsored). USD $1,300 course fee. Classed as YOU PAY in year 1.","https://www.essentialtefl.com/tefl-affiliates"
"Vietnam Private Language School Teaching","Vietnam's private English language school (EFL) market is one of the largest in Asia. US citizens enter on a tourist visa then convert to work permit. No formal government placement program — direct hiring by language centers (ILA Vietnam, Apax English, VUS, Wall Street English). No special WHV exists for US citizens.","YOU GET PAID","Salary: USD $1,400 2,200/mo at established chain language centers. $1,600–2,500/mo at university positions. Some centers pay per hour: USD $18–25/hr. Housing not typically provided. Work permit and residence card costs: approximately USD $150–300 paid by employer. TEFL cert strongly preferred (cost: USD $400–1,000 online).","Recruiter placement fee: approximately 1 month's salary charged to the hiring school (unpublished to teachers). TEFL course providers heavily target Vietnam with affiliate programs ($20–270/referral). Schools list on Dave's ESL Cafe and TES (no recruiter fee to teachers).","Vietnam (Ho Chi Minh City, Hanoi primarily)","1-year contract typical; rolling renewals","Age 18+. Bachelor's degree required for work permit. US citizenship. TEFL strongly preferred.","Low — high demand for native English speakers; many vacancies year-round","OPEN to US citizens. Must secure work permit (employer-sponsored). No WHV exists. High-volume market.","Unverified (no single official government source; based on aggregated employer market data)"
"South Korea Private Hagwon Teaching (E-2 Visa)","South Korea's private English academy (hagwon) market is large and constantly hiring native English speakers from 7 eligible countries including USA. Employer-sponsored E-2 teaching visa. Different from EPIK (government schools) — hagwons are private academies often paying more.","YOU GET PAID","Salary: KRW 2,000,000–3,000,000/mo (~USD $1,480 2,220) at entry-level. Top hagwons in Seoul/Busan: KRW 2,500,000 3,200,000. Housing provided free. Health insurance (employer pays 50%). Completion bonus (~1 month salary). Flight to Korea often reimbursed on completion. Net highly positive.","Recruiter placement fee: approximately 1 month's salary (~KRW 2,000,000 3,000,000) charged to hagwon by recruiter (unpublished to teachers). Major recruiters: Korvia, Reach to Teach, Footprint Recruiting. Korvia has published affiliate program for bloggers (contact for rates).","South Korea (Seoul, Busan, Incheon, provincial cities)","1 year, renewable","Age 18+. Bachelor's degree required. US citizenship. TEFL preferred but not always required.","Low — constantly hiring; hundreds of vacancies year-round via recruiters","OPEN to US citizens. E-2 visa employer-sponsored. Bachelor's degree required.","https://www.hikorea.go.kr"
"Portugal Working Holiday (WHV) — US Eligibility Status","Portugal's working holiday program is listed in multiple sources as including the US. This is UNVERIFIED for 2026. Portugal has WHV agreements with several non-EU countries (Australia, NZ, Canada, Brazil, Argentina) but US eligibility is not confirmed on Portuguese government immigration pages.","NET NEUTRAL","Unverified. If eligible: Portuguese minimum wage EUR 1,020/mo (2026). Typical working holiday jobs: hospitality, tourism, farm work in Alentejo.","N/A (unverified eligibility)","Portugal","12 months if eligible","Age 18–30 if applicable","Unverified","UNVERIFIED. US eligibility for Portugal WHV is not confirmed on Portuguese immigration authority (SEF/AIMA) official sources as of August 2026. Do not assume open without direct verification.","https://imigrante.sef.pt (no US-specific WHV found on official site)"
"Hong Kong Working Holiday Scheme","Hong Kong offers a working holiday scheme with a small number of partner countries. The United States is NOT among Hong Kong's eligible partner countries for the Working Holiday Scheme. Commonly mislisted.","NET NEUTRAL","N/A — CLOSED to US citizens. Hong Kong's WHV partners include Australia, NZ, Japan, Ireland, Germany, and select others but not the USA.","N/A","Hong Kong","N/A","N/A","N/A","CLOSED to US citizens. Hong Kong Working Holiday Scheme does not include the United States as a partner country.","https://www.immd.gov.hk/eng/services/visas/working_holiday_scheme.html"
"Jackson Hole Mountain Resort — Ski Instructor","Ski and snowboard instruction at JHMR; Mountain Sports School hires certified and first-time instructors","YOU GET PAID","Confirmed 2026/27 wage not indexed — historical third-party sources cite ~$9.50–$15/hr base (treat as unverified). Grand Pass (JHMR) provided free for employees working 15+ hrs/wk. Spouse/dependent passes for 30+ hrs/wk employees. Limited housing for full-time staff","Unverified","Jackson Hole, WY (Teton Village)","Winter season, Nov–Apr","Post-HS / Both","Open (first-time instructors considered)","Operating — 2026/27 recruiting active per JHMR website; apply direct for current wage","https://www.jacksonhole.com/mountain-sports-school-employment"
"Big Sky Resort — Lift Operator / Ski Instructor","Lift operations and ski instruction at Big Sky Resort (Boyne Resorts-owned) in Montana","YOU GET PAID","2026/27 wage not published in indexed listings. Employee housing: 1,011 beds, ~50–60% below market rate; over 70% within walking distance of base. All-access ski pass included. Apply directly for current wage","Unverified","Big Sky, MT","Winter season, Nov–Apr","Post-HS / Both","Open","Operating — 2026/27 postings on Boyne Resorts careers site Aug 2026","https://www.bigskyresort.com/employment"
"YMCA Camp Counselor","Residential summer camp counselor at YMCA camps nationwide; cabin supervision, activity leadership, youth development","YOU GET PAID","Range: $390–$600/wk depending on YMCA branch, experience, and certifications. Examples: YMCA Camp Hanes (NC) $390/wk; YMCA DC Metro $400/wk; YMCA Central Texas $560–$600/wk; YMCA Greater Seattle $75–$90/day. All include room and board (on-site residential)","No verified system-wide referral bonus. Individual camps may offer returning-staff bonuses — ask directly","Nationwide; YMCA branch camps across all regions","Summer season, ~8–12 weeks","Post-HS (17+ min age at most)","Open","Operating — multiple 2026 postings confirmed","https://ymca-of-central-texas.breezy.hr/p/2f62073b1a7b-overnight-summer-camp-counselor"
"Camp America — General Counselor Placement","International placement agency placing mostly non-US participants in US summer camps; relevant for US residents only in limited cases (primarily an inbound program)","YOU GET PAID","Pocket money (stipend): $1,300–$2,250 total for ~9-week placement (ca. $144–$250/wk cash). Room, board, and activities provided by host camp. Participant pays registration fee (~£299–£349 for UK applicants) and arranges travel with support","Camp America has a formal referral program (pages.campamerica.com/camp-america-referral); 2026 reward amount not publicly disclosed — contact local CA office for current terms","US summer camps nationwide (program based in UK for outbound participants)","~9 weeks summer","Post-HS","Open","Operating — 2026 season completed; 2027 applications typically open Oct","https://www.campamerica.co.uk/help-centre/faqs"
"Alaska Seafood Processor (North Pacific Seafoods / Alaska General Seafoods)","Cannery line worker processing salmon during Bristol Bay season; among most accessible well-paying seasonal labor for those 18+","YOU GET PAID","$17.91/hr regular, $26.87/hr OT (after 8 hrs/day or 40 hrs/wk). 16-hr shifts possible during peak. Round-trip airfare, free housing and meals provided. Room/board at UniSea variant: $15/day deducted on days over 8 hrs. Gross for 6-week peak season at 14 hrs/day can exceed $10,000 before deductions","No verified referral bonus found in 2026 processor postings","Bristol Bay / Naknek, AK (North Pacific Seafoods, Alaska General Seafoods); Dutch Harbor (UniSea)","~4–6 weeks, mid-Jun–early Aug (salmon season)","Post-HS (must be 18)","Open","Operating — 2026 postings confirmed by North Pacific Seafoods and Alaska General Seafoods","https://northpacificseafoodsinc.hrmdirect.com/employment/job-opening.php?cust_sort1=194296&nohd=&req=3578436&req_loc=1133483"
"Alaska Commercial Fishing — Deckhand (Glacier Fish / Factory Trawler)","Vessel deckhand on commercial fishing boats; crew-share pay rather than hourly wage; highly variable income based on catch","YOU GET PAID","Crew share: $6,000–$16,000/month-equivalent gross (Glacier Fish 2026 posting for experienced deckhands, 16–25-day trips). Not a guaranteed wage — depends on vessel performance, species, quota, deductions. Entry-level applicants advised to start with cannery work first","Unverified; some vessels use word-of-mouth/crew networks","Alaska waters; Dutch Harbor, Kodiak, Naknek, and offshore","Trip-based (16–25 days); rotating year-round for permanent, seasonal slots in summer","Post-HS (18+; prior experience often required)","Competitive (experience required for most postings)","Operating — Glacier Fish posting confirmed 2026","https://jobs.lever.co/glacierfish/9026da18-1b39-4506-9fd8-51fd59b90fe2"
"Sea Education Association (SEA) — Shipboard Steward, SSV Corwith Cramer","Paid cook/steward berth aboard SEA's 134-ft brigantine research vessel; manages galley, provisions, feeds students and crew","YOU GET PAID","$2,800/month. Contracts ~3 months (May–Aug, Aug–Oct, Nov–Dec windows). Food and housing provided aboard ship or at SEA facilities while on contract. After 180 days/12 months, eligible for health/dental/vision","No referral economics documented; apply via crewemployment@sea.edu","Atlantic Ocean / Caribbean; Woods Hole, MA home port","~3-month contracts; windows May, Aug, Nov 2026","Post-HS / Both","Competitive (culinary skills, sailing interest)","Operating — steward openings actively recruited May 2026; summer slots may be filled by Aug 20, 2026","https://sea.edu/job-opportunity/shipboard-stewards-summer-2026/"
"Sea Education Association (SEA) — Proctor Ocean Classroom Program Assistant","Shipboard program assistant on Corwith Cramer for Proctor Academy high-school ocean program; fieldwork, teaching support, sailing","YOU GET PAID","$684/wk; food and housing provided while in the program. Sep 1–Nov 20, 2026 contract","No referral economics","Atlantic Ocean; Woods Hole, MA to Christiansted, St. Croix","Sep 1–Nov 20, 2026 (~11 weeks)","Post-undergrad preferred (some college or relevant experience)","Competitive","Operating — 2026 posting confirmed","https://sea.edu/job-opportunity/proctor-ocean-classroom-program-assistant-positions-fall-2026/"
"OARS — Experienced Whitewater Raft Guide","Multi-day whitewater raft guide at OARS; rivers in CA, ID, OR, CO (Dinosaur NM, Grand Canyon via permit); food provided in field","YOU GET PAID","$135+/day (one-day trips); $170–$320/day (multi-day). Plus gratuities. Guide housing/camping provided or low-cost. Health stipend after 50 days, 401(k) match. First-season: only 20–50 paid days available (not a full-season guarantee)","Unverified for OARS specifically; some outfitters offer staff referral bonuses — ask HR","CA (American R, Merced, Tuolumne), ID (Middle Fork Salmon, Main Salmon), OR (Rogue), CO (Green/Yampa in Dinosaur NM)","May–Sep summer season; first-season guides get limited days","Post-HS (must meet age and swift-water certification requirements)","Competitive (prior guiding or swift-water training required)","Operating — OARS hiring page active; most first-season guides placed before season start","https://www.oars.com/oars-jobs-for-new-guides/"
"High Country Expeditions — Raft Guide (Oregon)","Whitewater raft guide for full-day and multi-day trips on Oregon rivers; seasonal crew with training opportunities","YOU GET PAID","$155–$215/day (full-day trips); $180–$250/day (multi-day trips); certifications and leadership add premiums. Free or low-cost seasonal staff camping/housing (limited, not guaranteed)","Unverified","Oregon rivers (Deschutes, Rogue, and others)","May–Sep 2026 season","Post-HS","Competitive (prior swift-water experience helpful)","Operating — 2026 season hiring page updated Jan 2026","https://www.highcountryexpeditions.com/employment/"
"African Impact – Wildlife & Community Volunteering","South Africa-based voluntourism operator offering wildlife conservation, community development, education, and healthcare volunteer placements. Formerly one of Africa's largest independent volunteer companies. Programs in South Africa, Zimbabwe, Tanzania, Malawi.","YOU PAY","Program fees typically $1,500–$4,000 for 2–4 week placements (includes accommodation, meals, airport transfers, and project activities). Flights NOT included. All-in estimate for 2-week placement: $2,500–$5,500. Mark: unverified 2026 price – check africanimpact.com.","African Impact operates a formal partner referral and agent network. Commission rates not published publicly. Sector norm for voluntourism agents: 10–15% of program fee. Mark: practice exists, rate private.","South Africa, Zimbabwe, Tanzania, Malawi","2 weeks to 3 months (flexible)","Gap year / post-secondary, ages 18+","Open enrollment with background check","ACTIVE – Website operating; verify current program availability at africanimpact.com","https://www.africanimpact.com"
"Love Volunteers – International Volunteering","New Zealand-based volunteer abroad platform offering placements in 40+ countries across teaching, healthcare, construction, and environmental conservation. Charity-model operator with published ethics policy opposing orphanage volunteering and unqualified medical placements.","YOU PAY","Program fee: $1,000–$3,500 for 2–4 week placements (includes in-country accommodation and program activities). Registration fee additional. International flights NOT included. All-in estimate for 1-month placement: $2,500–$5,500. Mark: unverified 2026 price – check lovevolunteers.org.","Love Volunteers operates an affiliate and partner program for travel bloggers and gap year counselors. Commission details not publicly stated on website. Mark: affiliate program confirmed to exist, rate unverified.","40+ countries across Asia, Africa, Latin America, Eastern Europe, and Pacific","1–24 weeks (flexible)","Gap year / young adult, ages 18+","Open enrollment","ACTIVE – Website operational","https://www.lovevolunteers.org"
"Maximo Nivel – Volunteer & Study Abroad in Latin America","Guatemala-headquartered program offering volunteer placements, Spanish language courses, and internships in Guatemala, Costa Rica, and Peru. One of few operators headquartered in the destination country. DELE-aligned Spanish courses available.","YOU PAY","Spanish courses from $200–$600/week (includes homestay and 20 hours instruction). Volunteer placements: registration $295 + program fee ~$100–$250/week. Full semester (16 weeks): approximately $3,000–$5,500 all-in (tuition + homestay + meals). NOTE: mark as 'unverified 2026 price' – confirm at maximonivel.com.","Maximo Nivel offers a school and group partnership program for high school and university partners; details not published publicly. Sector norm: 10–15% for agent referrals. Mark: practice exists, rate private.","Antigua Guatemala, San José Costa Rica, Cusco Peru","1–24 weeks (flexible)","Gap year / language learner, ages 18+","Open enrollment","ACTIVE – One of the longest-operating operators in Antigua; website operational","https://www.maximonivel.com"
"CIEE – College Study Abroad Semester (Sample: Barcelona)","CIEE college study abroad semester in Barcelona – flagship example of how this table's referral economics actually work in the fully-verified IEC market. Advanced Liberal Arts / Language and Culture track. Includes housing, orientation, activities, iNext travel insurance.","YOU PAY","Fall 2026 Barcelona semester: $21,950. Does NOT include international flights (~$800–$1,200), meals (~$2,000–$3,000/semester), books, or personal spending. All-in estimate: $25,000–$27,000. (Latin America equivalent: $17,950 + flights + meals = ~$21,000–$23,000.)","CIEE officially maintains institutional partner agreements with colleges and universities. Study abroad agents receive 10–15% of program fee per enrolled student (industry-standard, not publicly posted but well-documented in sector). CIEE's agent commission is the most clearly documented in this market due to its scale. Mark: practice confirmed, rate in 10–15% band (approximately $1,500–$3,300 per enrolled student on a $21,950 semester).","Barcelona, Spain (also 40+ other cities globally)","Semester (~16 weeks)","College-level / gap year post-high school","Application required; must be enrolled or recently graduated college student","ACTIVE – Fall 2026 fee worksheet published January 2026 by CIEE","https://www.ciee.org/sites/default/files/documents/2026-01/fee-entry-worksheet-fall-2026.pdf"
"Outward Bound USA – Semester / Gap Year Courses","Nonprofit (founded 1941) offering wilderness-based leadership, personal development, and service courses. Gap year and semester courses of 70–100 days in mountain, marine, and desert settings. Highly experiential; no academic credit but strong character development track record.","YOU PAY","Semester-length courses (70–100 days): approximately $8,000–$16,000 depending on location and duration (Outward Bound does not publish a single national price; varies by school/region). Financial aid widely available. All-in estimate with gear and travel: $9,500–$18,000. Mark: unverified 2026 price – check outwardbound.org directly.","Outward Bound USA is a nonprofit. No public IEC or counselor commission program found. Outward Bound explicitly does not pay referral fees per their ethics guidelines. Mark: NO COMMISSION PAID – consistent with nonprofit educational ethics stance.","Multiple US regions (Rockies, Pacific Northwest, Appalachians, Florida marine, etc.)","70–100 days (semester) or shorter","Gap year / young adult, ages 14–25+","Open enrollment with application; financial aid available","ACTIVE – Outward Bound USA operating nationally","https://www.outwardbound.org/experiences/gap-year-semester/"
"Kroka Expeditions – Gap Year Semester","Small Vermont-based operator offering experiential gap semester centered on traditional wilderness skills, farming, craft, and international expedition (Nepal is a common destination). Community-based living model; very small cohorts (~12–15 students).","YOU PAY","Tuition: approximately $17,000–$19,000 per semester (includes room, board, and in-country travel for expedition component). International flights additional (~$1,500–$2,000). All-in estimate: $19,000–$22,000. Mark: unverified 2026 price – check kroka.org directly.","Very small operator; no public IEC or affiliate commission program found. Mark: unverified – likely informal at best.","Vermont (US base) + Nepal or other international expedition","Semester (~4–5 months)","Post-high school gap year","Selective; very small cohorts","ACTIVE – Kroka website operational; verify current cohort capacity at kroka.org","https://kroka.org"
"Adventure Treks – Gap Year Adventure Programs","US-based operator offering teen and young adult adventure trips and gap year programs in US wilderness; focus on rock climbing, whitewater, backpacking, and community. Gap year programs for ages 16–18 transitioning to college.","YOU PAY","Program costs approximately $5,000–$10,000 for multi-week programs depending on duration and destination. All-in estimates similar. Mark: unverified 2026 price – check adventuretreks.com.","No public IEC commission program found. Small operator. Sector norm may apply informally. Mark: unverified.","US wilderness (Pacific Northwest, Rockies, Southeast)","2–4 weeks (shorter programs); gap year options vary","Post-high school / teen, ages 16–18","Application required","ACTIVE – Website operational; verify at adventuretreks.com","https://www.adventuretreks.com"
"Middlebury Language Schools – Immersion Intensives","Middlebury College's flagship immersion language schools (Vermont campuses + abroad), offering intensive 7–8 week summer or year-round language immersion in Arabic, Chinese, French, German, Italian, Japanese, Portuguese, Russian, and Spanish. Signed language pledge required. College credit offered.","YOU PAY","Summer residential session (Vermont): approximately $5,000–$7,000 for 7–8 weeks (tuition + room + board). C1/C2 Arabic or Chinese programs may run higher. Mark: unverified 2026 price – confirm at middlebury.edu/language-schools.","No IEC or counselor commission program found. Middlebury is an academic institution; financial aid is available. Mark: NO PUBLISHED COMMISSION – academic institution.","Middlebury, Vermont; also programs in Paris, Florence, Mainz, Madrid, and other international campuses","7–8 weeks (summer) or academic year","College-level / advanced language learners, gap year students","Selective; language placement required; language pledge is mandatory","ACTIVE – Middlebury Language Schools operating; verify 2026 session at middlebury.edu","https://www.middlebury.edu/language-schools"
"PADI Divemaster Course","Professional-level scuba diving certification (entry point to dive industry employment). Typically 2–3 months of training at a PADI dive center. Required prerequisite for Instructor certification. Converts gap year into a career entry point; internationally recognized.","YOU PAY","Course cost varies by location: $1,500–$4,000 at tropical Southeast Asia/Caribbean centers; $3,000–$6,000 in Australia or Europe. Includes PADI materials, pool and open-water training, exam fees. Dive gear rental/purchase additional ($500–$3,000 if buying own gear). Travel and accommodation not included. All-in estimate for 3-month tropical program: $5,000–$10,000.","PADI dive centers are individually owned. PADI does not operate a consumer-facing affiliate program. No standard industry commission structure for IEC referrals to dive courses exists. Mark: NO COMMISSION STRUCTURE – direct enrollment at local dive centers.","Worldwide; popular centers in Thailand, Indonesia, Philippines, Mexico, Caribbean, Australia, Egypt","60–90 days (full Divemaster internship)","Career certification / gap year, ages 18+","Open enrollment; prerequisite certifications required (Rescue Diver + 40 logged dives)","ACTIVE – PADI network operates globally; courses running continuously","https://www.padi.com/courses/divemaster"
"AIARE Level 1 Avalanche Course","American Institute for Avalanche Research and Education (AIARE) Level 1 avalanche certification; the industry standard for backcountry skiers, ski guides, ski patrol candidates, and outdoor enthusiasts in avalanche terrain. 3-day field course.","YOU PAY","Course: $600–$900 depending on provider and location (guide service or ski school). Includes AIARE curriculum materials. Does not include ski lift passes, rental gear, or travel. All-in estimate for one course: $800–$1,500.","AIARE courses are delivered by certified providers (guide services, mountain schools, ski resorts). No IEC commission structure applies; this is a direct enrollment professional certification. Mark: NO COMMISSION STRUCTURE.","Mountain areas with avalanche terrain across US, Canada, and internationally","3 days (Level 1) + optional Level 2 (additional 4 days)","Career certification / outdoor professional, ages 16+","Open enrollment; backcountry skiing experience recommended","ACTIVE – AIARE courses run fall through spring ski season","https://avtraining.org"
"SIU Piney Point — Unlicensed Mariner Apprentice Program","Seafarers International Union's Harry Lundeberg School of Seamanship in Piney Point, MD: free tuition, room and board during school phases. One-year program combining classroom, shipboard Phase II (60+ days at sea), and Phase III employment. Credential: USCG Merchant Mariner Credential (MMC) + STCW endorsements.","YOU GET PAID","Tuition, room, and board FREE during school phases. Campus stipend: ~$20/week (unverified for 2026 — confirm with SIU). Out-of-pocket required: ~$1,500 (TWIC $124, MMC $140, passport $130, physical/drug $270, uniforms $450, transport). Phase III: employment at SIU contract wages. Credential value: USCG MMC + STCW = entry to $50,000–$80,000+/yr maritime career.","No published referral payment.","Piney Point, Maryland (school); shipboard Phase II at sea (US-flagged vessels)","~1 year total (Phase I: 5-6 weeks classroom; Phase II: 60+ days sea; Phase III: employment)","Post-HS","Competitive","Operating (course dates confirmed through late 2026)","https://www.seafarers.org/training-and-careers/admissions/apprentice-program-overview/"
"Prime Inc. — Carrier-Sponsored CDL Training","Prime Inc. pays for CDL-A training (~3 weeks) at no upfront cost. Training converts to a forgivable loan after 1 year driving for Prime. $200/week interest-free expense loan during CDL school. Credential: CDL-A (private cost: ~$4,000–$7,000). STRING: 12-month contract lock-in at below-market student/trainer rates.","YOU GET PAID","CDL school: $200/week expense loan (not salary). After CDL: student-driver pay (per-mile rate, typically $0.35–$0.45/mile). Year 1 earnings typically $40,000–$55,000. Training cost waived after 12-month contract. CDL private market value: ~$5,000–$7,000.","Published Prime referral program: $100 after referred driver's 1st load + $500 at 6 months + $1,000 when 3 referred drivers reach 6 months + 0.25 cents/mile ongoing. Verify current amounts with Prime recruiting.","Prime training facilities (Springfield MO, Salt Lake City UT, plus regional)","3-week CDL school + 12-month driving contract (total ~13+ months)","Post-HS","Open (must be 18+ for intrastate, 21+ for interstate CDL-A)","Operating","https://driveforprime.com/train/student-driver-training-program/"
"Schneider — Carrier-Sponsored CDL Apprenticeship Training","Schneider's paid CDL Apprenticeship Training (~5–7.5 weeks at a Schneider facility) with compensation during training, company-funded lodging and meals. Up to $7,000 tuition reimbursement available for qualified drivers. STRING: contract obligation to Schneider after training.","YOU GET PAID","Paid during training (amount varies). Post-CDL: per-mile or hourly pay. Up to $7,000 reimbursement over time. Year 1 earnings typically $45,000–$60,000. CDL private value: ~$5,000–$7,000.","'Unlimited' referral bonuses advertised by Schneider for CDL drivers — specific amount is position/location-dependent. Confirm with Schneider recruiting.","Schneider training centers (Green Bay WI, Carlisle PA, and others)","5–7.5 weeks training + contract commitment (~1 year typical)","Post-HS","Open (must meet age/license requirements)","Operating","https://schneiderjobs.com/truck-driving-jobs/inexperienced/paid-cdl-training"
"CRST Expedited — Carrier-Sponsored CDL Training","CRST pays full CDL school tuition in exchange for a 10-month CRST Expedited driving contract. Tuition not deducted from paycheck. Alternatively, pay $6,500 upfront for no contract. STRING: 10-month solo OTR contract (shorter than Prime/Schneider but heavy OTR lifestyle).","YOU GET PAID","CDL tuition covered (~$6,500 value). Year 1 earnings in student/trainer phase then solo: typically $40,000–$52,000 depending on miles.","CRST published referral: up to $2,000 per referred driver hired/leased through 2026. Paid in four installments: $500 at hire + $500 at 30 days + $500 at 60 days + $500 at 90 days (both parties must remain active at each payout).","Cedar Rapids IA (training HQ); OTR nationwide","CDL school: ~3 weeks + 10-month driving contract","Post-HS","Open","Operating","https://www.crst.com/wp-content/uploads/2020/10/1e288edf59a1a7b8-Student-Packet.pdf"
"Roehl Transport — 'Get Your CDL & Get Paid' Program","Roehl hires you as an employee from Day 1 of CDL training (~3 weeks). You receive employee pay + benefits during training. Training cost treated as an interest-free loan forgiven after 120,000 solo miles (~15 months of average driving). STRING: mileage-based forgiveness, not a simple time contract.","YOU GET PAID","Paid as employee during training (not stipend). Lodging and most meals covered. Year 1 earnings: typically $50,000–$65,000. Training loan (~$6,000–$8,000) forgiven at 120,000 miles.","Roehl published referral: up to $1,500 for referring an experienced CDL driver. Training-needed referral amount not separately published — confirm with Roehl.","Marshfield WI (training HQ); OTR nationwide","~3-week CDL school + ~15-month mileage commitment","Post-HS","Open","Operating","https://www.roehl.jobs/driving-jobs/cdl-truck-driving-schools"
"USFS Wildland Firefighter Apprenticeship Program","U.S. Forest Service 3,000-hour paid registered apprenticeship leading to federal Forestry Technician (GS-5/6) career position. Training fully covered by USFS. Red Card (IANL FFT2) credential earned. Academic year at residential fire academy + OJT seasons.","YOU GET PAID","GS-4 or GS-5 federal pay during apprenticeship (~$18–$23/hr base + locality pay). All training costs paid by USFS. Hazard pay when on fire. Red Card + ICS certifications earned free (private value ~$1,500–$3,000 for comparable training).","No referral payment.","National Forests nationwide (residential academy + field assignments)","~2 years to 3,000 hours; path to permanent GS position","Post-HS","Competitive (USAJOBS application; work capacity test required)","Operating (2026 GW-3 postings confirmed at ~$21.14/hr)","https://www.fs.usda.gov/working-with-us/jobs/fire-apprentice"
"SCA / USFS Wildland Fire Academy Fuels Team (Conservation Corps)","Student Conservation Association partnered with USFS: paid seasonal wildland fire crew position including free S-130/S-190/L-180/S-212/WFA certifications, transportation, and meals. Red Card qualification supported. 2026 season: May 4–Oct 23.","YOU GET PAID","Paid corps position (amount varies by SCA program; SCA Integrated Fire program: $600/week). Free wildfire certifications (private value: S-130/190/L-180 course = ~$500–$1,500). Wilderness First Aid included.","No referral payment.","National Forests (varies by placement)","~6 months seasonal (May–Oct typically)","Post-HS","Competitive (arduous Work Capacity Test required)","Operating","https://thesca.org/integrated-fire-and-recreation-internship-program"
"California Conservation Corps — Wildland Fire Crew","CCC year-round fire crews earn ICS-100/700, S-110/130/190, L-180 certifications free. CCC may help obtain EMT cert (limited; EMT may not be fully covered). Members receive hourly wages plus housing option.","YOU GET PAID","Hourly wage (~$16–$17/hr, near CA minimum wage). Housing option available at some centers. Free wildfire certifications (ICS, NWCG S-series) = ~$500–$1,500 private value.","No referral payment.","California statewide","1-year initial commitment (renewable)","Post-HS","Open (CA residents aged 18–25)","Operating","https://ccc.ca.gov/training/firefighting/"
"Army National Guard Split-Option Enlistment (17–18 year olds)","Enlist at 17 (with parental consent) as a HS junior; complete BCT summer between junior/senior year; return for senior year + monthly drills; complete AIT summer after graduation. MOS credential earned + GI Bill Kicker ($350/mo) + up to $13,000 enlistment bonus + state tuition waiver. COMMITMENT: 6-year obligation. NOT a gap year — flag accordingly.","YOU GET PAID","BCT/AIT: E-1/E-2 pay (~$2,000–$2,500/month while on orders). Monthly drill pay during school year (~$300–$400/month). GI Bill Kicker: $350/month for 36 months if qualifying. Enlistment bonus: up to $13,000 (MOS/state-dependent; not guaranteed). State tuition waivers (varies by state; some cover 100% in-state tuition). Federal Tuition Assistance: up to $4,500/year.","Military recruiting has no cash referral program for civilians. Guard recruiters do not pay referral bonuses to third parties.","Nationwide (BCT at federal training bases; drills at state armories)","6-year total obligation (enlist at 17; BCT summer before senior year; AIT summer after graduation)","Post-HS","Competitive (ASVAB, medical, legal screening)","Operating. FLAG: 6-year military obligation, NOT a gap year. Multiple-year commitment before education benefits fully vest.","https://www.nationalguard.com/split-training-option"
"Army National Guard State Tuition Waivers (varies by state)","Most states offer Guard members 100% or partial in-state tuition waivers at public colleges. Examples: Arkansas NGTW (100% in-state public tuition); Colorado (newly signed 2025). COMMITMENT: must remain active Guard member.","YOU GET PAID","100% in-state tuition waiver at qualifying public colleges (value: $8,000–$25,000/year depending on state). Must be active Guard member throughout enrollment.","No third-party referral payment.","State-specific (nearly all states have some version)","Duration of active Guard enlistment (minimum 6 years)","Post-HS","Open to Guard members who meet eligibility","Operating (varies by state; Colorado newly added May 2025; verify current state program)","https://nationalguard.com/benefits/education/pay-for-school"
"Berea College — Tuition-Free Work College","Berea College (Berea, KY): every admitted student receives a Tuition Promise Scholarship covering 100% of tuition ($9,100+ annual value). All students participate in the Labor Program (10–15 hours/week of on-campus work). Room/board/fees not fully covered. Highly selective.","NET NEUTRAL","Tuition: $0 (100% scholarship for all admitted students). Labor Program scholarship: $9,100/year disbursed to student account. Room, board, and fees (~$8,000–$12,000/year) still required. Total tuition value saved: ~$9,100×4 years = ~$36,400.","No referral payment.","Berea, Kentucky","4 years (bachelor's degree)","Post-HS","Highly competitive (low-income preference; selective admissions)","Operating","https://berea.smartcatalogiq.com/current/catalog/admissions-and-financial-aid/financial-aid-and-student-accounts"
"College of the Ozarks — Tuition-Free Work College ('Hard Work U')","Every full-time student's academic tuition is covered by the Tuition Assurance program (work credits + grants/scholarships). Students work 15 hrs/week + two 40-hr work weeks/year. NOTE: room, board, fees, and books NOT included in tuition assurance.","NET NEUTRAL","Tuition: $0 for full-time students (Tuition Assurance covers academic tuition via work + grants). Room/board/fees remain: ~$8,000–$12,000/year. Total tuition value saved over 4 years: ~$24,000–$32,000.","No referral payment.","Point Lookout, Missouri (Ozarks)","4 years (bachelor's degree)","Post-HS","Competitive (Christian values and financial need emphasis)","Operating","https://cofo.edu/Cost"
"Alice Lloyd College — Tuition-Free Work College (Appalachia)","ALC covers 100% of academic tuition for qualifying full-time students from its 108-county Central Appalachian service region via grants, scholarships, and the required Student Work Program (10 hrs/week minimum, 160 hrs/semester). Credential: 4-year bachelor's degree at zero tuition.","NET NEUTRAL","Tuition: $0 for eligible Appalachian-region students. Room/board/fees: ~$8,000–$10,000/year (charged separately). Total tuition value saved: ~$40,000+ over 4 years.","No referral payment.","Pippa Passes, Kentucky (Central Appalachian service area required for eligibility)","4 years (bachelor's degree)","Post-HS","Competitive (geographic eligibility + financial need + academic standing)","Operating","https://alc.edu/our-tuition-guarantee/"
"Deep Springs College — Full Scholarship 2-Year Liberal Arts","Extremely selective 2-year residential college in the California desert. Every admitted student receives a full scholarship covering tuition, room, AND board. Students work 20+ hrs/week on the college's working cattle ranch. Only ~13–15 students admitted per year. Pathway to elite transfer to 4-year colleges.","YOU GET PAID","Tuition + room + board: $0 (full scholarship). Annual value: ~$60,000+ (tuition+room+board at comparable residential college). Travel and incidental costs remain.","No referral payment.","Deep Springs Valley, California (remote ranch campus)","2 years","Post-HS","Highly competitive (~10–15 admitted per year from ~200+ applicants)","Operating","https://www.deepsprings.edu/frequently-asked-questions/"
"Fire/EMS Explorer / Cadet Program (BSA / National Pattern)","BSA Learning for Life Fire/EMS Explorer programs for ages 14–20 (some 14–21). Provides exposure to firefighting, EMS, and public safety at zero cost. Pathway to formal volunteer membership and free Firefighter I/II + EMT training once 18. Entry point before 18 for the larger free-credential pathway.","NET NEUTRAL","Free to participate. No pay. Credential value: preparation/pipeline for Firefighter I/II + EMT-B (~$6,000–$8,000 value when earned at 18).","No referral payment.","Nationwide (post at local fire stations; search learningforlife.org)","1–4 years (until age 18 when full volunteer membership begins)","Post-HS","Open (age 14–20)","Operating","https://www.learningforlife.org/exploring/law-enforcement/"
"Western Colorado Conservation Corps — Fire Crew","Paid conservation fire crew partnered with BLM. Members certified as wildland firefighters (S-130/190/L-180/ICS-100/WCT) during training. Season: Feb 23–Nov 20, 2026. Full Red Card qualification pathway. Free wildfire certifications included.","YOU GET PAID","Paid crew position (corps wage; typically $700–$1,000/week). Free wildfire certifications: S-130/190/L-180/ICS series (~$500–$1,500 private value). Hazard pay when deployed.","No referral payment.","Western Colorado (Grand Junction area)","~9 months seasonal (Feb–Nov)","Post-HS","Competitive (arduous Work Capacity Test required)","Operating","https://www.wcccpartners.org/fire-crew"
"BC3 EMS Academy — Stipend-Paid Free EMT Training (Pennsylvania local)","Butler County Community College (PA) EMS Academy: free 8-week EMT-Basic training with a $13/hour training stipend paid during training, plus ride-alongs. County-funded pipeline to Butler County EMS employment. Private market value of EMT-B: ~$1,500–$3,000.","YOU GET PAID","Training: $0. Stipend: $13/hour during training hours. Total stipend value during 8-week program: ~$2,000–$3,000 estimate. EMT-B credential private value: ~$1,500–$3,000.","No published referral payment.","Butler County, Pennsylvania","8 weeks","Post-HS","Competitive (county EMS pipeline; limited spots)","Operating (verify cohort dates with BC3)","https://bc3.edu/programs/ems-academy.html"
"Hillsborough County Fire Rescue Foundation — Paid Firefighter/EMT Training Program","Hillsborough County FL (Tampa area) foundation-funded cohort program: free tuition, books, uniforms, protective clothing rental, AND an $18/hour class/clinical stipend. Dual credential: Firefighter I/II + EMT-Basic in one program. Jan 2026 cohort (next cohort TBD).","YOU GET PAID","Tuition, books, uniforms: free. Stipend: $18/hour during classroom/clinical hours. Combined Firefighter I/II + EMT-B private market value: ~$8,000–$10,000. Stipend value over training period: ~$10,000–$15,000 (est. based on $18/hr rate).","No published referral payment.","Hillsborough County, Florida (Tampa area)","~6–8 months (full academy)","Post-HS","Competitive (application/selection process; limited cohort size)","Operating (Jan 2026 cohort confirmed; next cohort dates TBD — watch HCFR Foundation website)","https://hcfl.gov/residents/public-safety/fire-rescue/hillsborough-county-fire-rescue-foundation-firefighter-and-emt-job-training-program"
"Netherlands Working Holiday Visa — US Eligibility Status","The Netherlands does not have a bilateral working holiday agreement with the United States. US citizens require standard Dutch work permits or EU Blue Card for employment. Commonly mislisted in WHV comparison tables.","NET NEUTRAL","N/A — CLOSED to US citizens as a WHV. US citizens can work in Netherlands with employer-sponsored Highly Skilled Migrant permit or EU-based routes only.","N/A","Netherlands","N/A","N/A","N/A","CLOSED to US citizens (no bilateral WHV agreement). Japan has a WHV with the Netherlands; USA does not.","https://ind.nl/en/work/working-in-the-netherlands (no US WHV category listed)"
"Czech Republic / Slovakia Working Holiday — US Eligibility Status","Czech Republic and Slovakia offer working holiday schemes but only with countries that have bilateral agreements. The United States is NOT a partner country for either. Multiple travel blogs incorrectly list these as open to US citizens.","NET NEUTRAL","N/A — CLOSED to US citizens. Neither Czech Republic nor Slovakia has a bilateral WHV agreement with the USA.","N/A","Czech Republic / Slovakia","N/A","N/A","N/A","CLOSED to US citizens. No bilateral WHV treaty with USA.","Czech Republic Ministry of Interior / Slovak Ministry of Foreign Affairs (no US WHV category found)"
"Estonia Working Holiday — US Eligibility Status","Estonia has a working holiday agreement with Japan (as of 2020) but NOT with the United States. US citizens require a standard work permit or EU Blue Card to work legally in Estonia.","NET NEUTRAL","N/A — CLOSED to US citizens. Estonia has no bilateral WHV agreement with the USA.","N/A","Estonia","N/A","N/A","N/A","CLOSED to US citizens. Estonia's WHV is with Japan only (as of 2020); USA not included.","https://www.mofa.go.jp/j_info/visit/w_holiday/index.html (Estonia appears in Japan's list; US does not)"
"Spain Working Holiday Visa — US Eligibility Status","Spain's working holiday agreement is with a limited set of non-EU countries (Australia, NZ, Canada, Japan, Chile, and a few others). The United States is NOT among them. US citizens who want to work in Spain use NALCAP (government teaching program) or need a regular work permit.","NET NEUTRAL","N/A — CLOSED to US citizens as a WHV. Use NALCAP/Meddeas teaching pathways instead.","N/A","Spain","N/A","N/A","N/A","CLOSED to US citizens (no bilateral WHV with Spain). NALCAP is the primary paid work pathway for US citizens in Spain.","Spanish consulate WHV information (no US category found)"
"Argentina Working Holiday — US Eligibility Status","Argentina has working holiday agreements with several countries (Chile, Canada, Australia, NZ, France, Germany, and others). The United States is NOT among them. US citizens can stay in Argentina for 90 days without a visa but cannot work legally without a standard work permit.","NET NEUTRAL","N/A — CLOSED to US citizens as a WHV. Argentina does not have a bilateral working holiday agreement with the USA.","N/A","Argentina","N/A","N/A","N/A","CLOSED to US citizens. No bilateral WHV treaty between USA and Argentina.","https://cancilleria.gob.ar/en/migraciones (no US WHV category found)"
"Chile Working Holiday — US Eligibility Status","Chile's working holiday visa is listed in many US gap-year resources. However, Chile's WHV partner countries are limited and do NOT currently include the United States as a bilateral partner. Commonly cited incorrectly.","NET NEUTRAL","N/A — UNVERIFIED/likely CLOSED to US citizens. Chile's WHV partners verified include Germany, France, Canada, Australia, NZ, and a few others but US is not confirmed. Contact Chilean consulate to verify.","N/A","Chile","N/A","N/A","N/A","UNVERIFIED. US eligibility for Chile WHV not confirmed on official Chilean immigration sources. Commonly mislisted as open to US citizens.","https://www.extranjeria.gob.cl (US-specific WHV not confirmed)"
"Paid TEFL Internship Abroad (Asia)","Private TEFL providers (Premier TEFL, International TEFL Academy, CIEE) offer 'internship' programs in Thailand, Vietnam, Cambodia, South Korea, and other countries with rolling admissions. Includes TEFL certification + placement support + orientation. Fastest route to start teaching when government program windows are closed.","YOU PAY","Program fee: USD $1,000 3,500 (includes TEFL course + placement support). Teaching stipend/salary once placed: USD $600 2,000/mo depending on country. Thailand: net negative year 1 (approx. -USD $500 1,500 total after program fee + flights). Korea: net positive year 1 despite program fee.","Premier TEFL affiliate program: 10–15% of course fee (~USD $30–80/referral). International TEFL Academy affiliate: similar rates. Essential TEFL: $270/referral (highest). These programs collectively account for the highest affiliate commission volume in the teach-abroad sector.","Thailand, Vietnam, Cambodia, South Korea, and others","4–12 months","Age 18+. Some require bachelor's degree (country-dependent). US citizenship. No experience required.","Low — rolling admissions; designed for beginners","OPEN to US citizens. Program fee is real upfront cost. Net year 1 varies by country.","https://premiertefl.com/blogs/posts/teach-abroad-programs-new-graduates"
"InterExchange Work Abroad (Australia, New Zealand)","US-based nonprofit organization offering Work & Travel programs for US citizens to Australia and New Zealand using official WHV pathways. InterExchange acts as a facilitator/Recognized Organization providing pre-departure orientation, in-country support, job placement assistance, and emergency support.","YOU GET PAID","Program fee: USD $475–800 one-time. Does not cover visa fee (AUD $840 for 462 / NZD $770 for NZ). Teaching salaries as per destination country (see Australia 462 and NZ WHV rows). Net positive over 12 months — program fee is a relatively small one-time cost vs total earnings.","InterExchange has a referral bonus program for past participants (USD $100–200 credit for referring a paying enrollee). Institutional partner commissions for university career centers and advisors (contact InterExchange for rates).","Australia, New Zealand (primary destinations for US citizens)","12–24 months","Age 18–30. Must meet visa-specific requirements (462 requires tertiary education).","Low — rolling admissions; InterExchange places thousands of US participants annually","OPEN to US citizens. USD $475–800 program fee. Facilitator for official government WHV pathways.","https://www.interexchange.org/work-travel"
"Global Work & Travel (Australia, New Zealand, Canada)","Commercial working holiday placement company offering packaged programs for US citizens to Australia (462), New Zealand, and Canada (SWAP route). Provides job guarantee packages, accommodation for first weeks, and in-country support.","YOU GET PAID","Program fee: USD $995 1,995 depending on package (includes job guarantee, accommodation, orientation). Visa fees additional. Australia wages as per 462 (AUD $24.10+ /hr minimum). Net positive over 12 months but program fee reduces year-1 savings by USD $1,000 2,000.","Global Work & Travel affiliate program: publishes 5–10% commission on program fee per referred enrollee (~USD $50–200/referral). Working holiday blog affiliates are a significant distribution channel for this company.","Australia (primary), New Zealand, Canada","12–24 months","Age 18–30. 462 requires tertiary education evidence.","Low — commercial provider; rolling admissions","OPEN to US citizens. Higher-cost alternative to DIY working holiday.","https://www.globalworkandtravel.com"
"TEFL Certificate Programs (as enabler for paid work abroad)","TEFL/TESOL certificates (100+ hours) are required or strongly preferred for EPIK, hagwons, TaLK, and most private language school jobs. Not a program that pays — a prerequisite investment that enables paid positions. Online courses (International TEFL Academy, Premier TEFL, TEFL UK, BRIDGE) range USD $200 1,000.","YOU PAY","Cost: USD $200 1,000 for online 120-hr course. In-person Bangkok course (Essential TEFL): USD $1,300. Enables access to EPIK (Level 2, KRW 2,100,000+/mo), hagwon jobs (KRW 2,000,000+/mo), and Vietnam/Thailand positions.","TEFL affiliate programs are the highest-volume affiliate opportunity in the teach-abroad sector. Rates: TEFL UK £25/sale flat; Premier TEFL 10–15% (~$30–80/sale); TEFLen 15–30% tiered; Bridge TEFL 15% (~$30–60/sale); Essential TEFL $270/sale (highest single-sale rate). Bloggers in the teach-abroad niche earn USD $500 5,000/mo from TEFL course affiliates.","Online (anywhere)","2–4 weeks online or 4 weeks in-person","Age 18+. No prerequisites for most courses.","None — open enrollment","OPEN. Cost is real. Payback period via EPIK/hagwon salary: 1–2 months.","https://tefluk.com/partner-with-us/refer-a-friend; https://www.essentialtefl.com/tefl-affiliates"
"Dude Ranch Wrangler (Colorado / Montana)","Horse wrangler / trail guide at dude and guest ranches; leads guests on horseback rides, cares for horses, assists with ranch operations","YOU GET PAID","$14.50–$17.50/hr + tips (most 2026 postings); or $1,500–$2,100/month salary + tips at some ranches. Experienced hunting/packing guides: $2,500–$3,500/month + tips. Housing (dorm or bunkhouse) and often three meals/day included; confirm if taxable deduction","Unverified for individual ranches; RanchWork.com is the major listing platform (charges employers, no affiliate to applicants)","Colorado (northern CO, Aspen area), Montana (historic dude ranches), and nationwide","May–Sep or Jun–Sep (~4–5 months)","Post-HS / Both","Open to Competitive (depends on horsemanship experience)","Operating — multiple 2026 postings on RanchWork.com and CoolWorks confirmed through July 2026","https://www.ranchwork.com/job/summer-wranglers-needed-at-ranch-resort-spa-in-colorado-may-sept-housing-provided/"
"Lindblad Expeditions — Naturalist / Field Guide","Expedition naturalist aboard Lindblad vessels; leads shore excursions, lectures on wildlife/ecology, assists passengers in Zodiacs, Alaska/Galapagos/Arctic/other routes","YOU GET PAID","$310–$330/day (Japan ornithology / Mandarin-speaking Naturalist); $330/day (NW Coast Cultural Specialist); $458–$475/day (Alaska Expedition Leader). Travel expenses paid per contracts reviewed. Accommodation and meals aboard ship","Unverified","Alaska, Galapagos, NW Coast, Japan, Antarctica; home port varies by itinerary","Contract-based; multi-week to multi-month voyages","Post-undergrad (bachelor's degree or 4 yrs experience typically required)","Highly competitive (specialized knowledge required; not entry-level)","Operating — multiple 2026 postings live on Lever/Lindblad careers","https://jobs.lever.co/lindblad-expeditions"
"Texas A&M Wildlife Field Technician (South Texas)","Seasonal field technician for Texas A&M research: bird point counts, owl surveys, small mammal trapping, vegetation sampling; communal on-site housing","YOU GET PAID","$18/hr, 40 hrs/wk. Communal on-site housing AND transportation provided at no cost. Wildlife coursework/experience required; must tolerate heat and thorny terrain","No referral economics; posted via Texas A&M Natural Resources Job Board (jobs.rwfm.tamu.edu)","South Texas","Through Jun 22, 2026 (open until filled)","Post-HS / Both (wildlife coursework required)","Competitive","Active posting — verify availability; may be filled as of Aug 20, 2026","https://jobs.rwfm.tamu.edu/view-job/?id=112858"
"Beach Nesting Bird Technician (Delaware DNREC)","Seasonal wildlife technician for shorebird protection and bird banding/trapping on Delaware beaches; fieldwork-focused","YOU GET PAID","$16.50/hr. No housing mentioned in listing. Full-time hours. Bird trapping, banding, nest monitoring, public outreach","No referral economics; posted via Texas A&M job board","Delaware coast","Seasonal summer 2026","Post-HS / Both","Competitive","Posting confirmed 2026 via TAMU board; verify current availability","https://jobs.rwfm.tamu.edu/view-job/?id=113097"
"Two Creek Farm (NCAT) — Regenerative Agriculture Apprentice","Paid farm apprenticeship in regenerative/organic growing; hands-on season-long work with mentorship in northeast Pennsylvania","YOU GET PAID","$15/hr + end-of-season bonus + farmhouse housing + utilities + farm food + purchase discount. Apr 1–Nov 30, 2026. Three openings","No referral economics; posted via NCAT/ATTRA board","Northeast Pennsylvania","Apr 1–Nov 30, 2026 (8 months)","Post-HS / Both","Open","Operating — 3 openings listed May 2026, rolling applications","https://www.ncat.org/internship/regenerative-apprenticeship/"
"EarthDance Farms — Farm Apprentice (Missouri)","Paid regenerative farming apprenticeship with educational programming; CSA, market gardening, livestock; structured training","YOU GET PAID","$17/hr (up to 24 hrs/wk training + program participation) + $175/month healthcare stipend + PTO + holidays + weekly produce share. May–December 2026","No referral economics; listed on EarthDance site and Good Food Jobs","Missouri","May–Dec 2026 (~8 months, part-time hours)","Post-HS / Both","Open","Operating — 2026 posting confirmed on EarthDance site","https://earthdancefarms.org/2026-full-season-farm-apprenticeship-job-description/"
"Oregon Farm Corps — Rogue Valley Regenerative Farming Fellowship","Part-time paid fellowship learning regenerative farming practices across multiple farms in southern Oregon; educational + hands-on","YOU GET PAID","$17.58/hr, 14 hrs/wk. Paid training and educational events. Potential for extra hours. Fuel reimbursement. Apr 1–Oct 29, 2026. 4 positions available","No referral economics","Central Point, OR (Rogue Valley)","Apr 1–Oct 29, 2026 (7 months, part-time)","Post-HS / Both","Open","Operating — 2026 fellowship page active","https://www.oregonfarmcorps.org/rff"
"MSU Upper Peninsula — Regenerative Agriculture Intern","Full-time summer research internship in regenerative agriculture at Michigan State University's UP Research and Extension Center; dorm housing included","YOU GET PAID","$15/hr, ~40 hrs/wk, up to 12 weeks (May 11–Jul 31, 2026). Dorm-style housing provided. Application deadline Jan 31 has passed — verify availability for late entry or 2027","No referral economics; university posting","Michigan Upper Peninsula","May 11–Jul 31, 2026 (~12 weeks)","Post-HS / Both (college student preferred)","Competitive","Potentially filled — deadline passed Jan 31, 2026; contact MSU directly","https://www.canr.msu.edu/jobs/regenerative-agriculture-intern"
"PADI Divemaster / Instructor (Domestic Resort)","Scuba divemaster or instructor at US domestic dive resort or dive shop; guides dives, runs courses, maintains equipment","YOU GET PAID","US domestic pay: highly variable and mostly unverified. PADI Instructor at Florida Keys or Hawaii dive shops ranges $15–$25/hr + lesson commissions unverified 2026. International rates: $450–$2,000/month range depending on destination, typically with accommodation. Confirm with specific employer","Unverified","Florida Keys, Hawaii, Caribbean, or international (Greece, Italy, Thailand, Honduras, etc.)","Season-dependent; 3–7 months typical for seasonal resorts","Post-HS (PADI Divemaster certification required; Instructor rating for higher pay)","Competitive (PADI DM or Instructor cert required)","Operating — international 2026 postings confirmed; US domestic unverified from employer pages","https://divejobs.padi.com/"
"Xanterra — Tour Bus Driver, Grand Canyon South Rim","Commercial bus driver operating tours from Grand Canyon South Rim; requires CDL; among the highest-paying Xanterra seasonal roles","YOU GET PAID","$25.50/hr (verified CoolWorks/Xanterra 2026 posting). Same housing terms as other Xanterra South Rim staff. CDL required","Unverified","Grand Canyon National Park, South Rim, AZ","Seasonal, spring–Oct","Post-HS (CDL required; min 21 in most states for CDL)","Open to qualified CDL holders","Operating — May 2026 posting confirmed","https://www.coolworks.com/grand-canyon-south-rim/highlighted-job/80839-tour-bus-driver-17"
"Apprenticeship.gov — Registered Apprenticeship Finder (Gateway Tool)","Federal DOL portal listing all registered apprenticeship programs in the US. Entry point for finding any trade apprenticeship (IBEW, UA, IUEC, ironworkers, sheet metal, and hundreds more). Not a program itself — the directory that connects applicants to programs with paid-while-you-learn wages and zero tuition.","NET NEUTRAL","Free to search and apply. Participants earn wages from Day 1 at the applicable union local rate (see individual trade entries). No tuition ever charged in registered apprenticeships.","No referral payment for using the portal.","Nationwide","Varies by trade: 1–5 years","Post-HS","Varies by trade","Operating","https://www.apprenticeship.gov"
"Westchester County NY HERRO — Volunteer Fire/EMS Education Incentive","Westchester County NY program reimbursing active volunteer fire/EMS members up to $2,000/year for accredited college, trade school, or focused training programs. Subject to service, enrollment, GPA, funding, and residency requirements.","YOU GET PAID","Up to $2,000/year tuition reimbursement (stacks with free FDNY-adjacent Firefighter I/II training and NY FASNY HELP). Must meet residency and activity thresholds.","No referral payment.","Westchester County, New York","Annual; renewable while active and eligible","Post-HS","Competitive (GPA + service + funding limits)","Operating (2026 guide confirmed)","https://emergencyservices.westchestercountyny.gov/"
"Warren Wilson College — Work College (Partial Tuition Credit)","Every residential student must work; the Work Program provides a $3,000 annual tuition credit. NOT tuition-free: 2025–26 tuition is $25,500; estimated total cost ~$54,550/year. Included here for contrast and completeness vs. fully free work colleges.","YOU PAY","$3,000 Work Program grant reduces $25,500 tuition to $22,500 (pre-other-aid). After all aid: net cost varies widely. Total estimated cost ~$54,550/year before individual aid packages.","No referral payment.","Asheville, North Carolina","4 years (bachelor's degree)","Post-HS","Competitive","Operating","https://www.warren-wilson.edu/academics/work-program/"
"USFS Hotshot Crew — Senior Firefighter (GW-6/7)","Federal wildland firefighter on a 20-person Interagency Hotshot Crew (IHC); elite ground-based suppression team; deployed nationally","YOU GET PAID","GW-6: $57,670–$74,970/yr (seasonal); GW-7: $63,249–$91,974/yr depending on locality. Significant overtime and hazard-duty pay on top. Not entry-level — requires prior seasons. Housing typically in crew barracks; varies by unit","No referral bonus — federal","Based at USFS ranger stations nationwide; deployed anywhere in US during fire season","Seasonal permanent appointments (~6–8 months)","Post-HS (2+ seasons fire experience typically required)","Highly competitive","Operating — BLM/USFS hotshot positions on USAJOBS and NIFC careers; federal hiring backlog still affects some positions","https://www.nifc.gov/careers/blm-fire-job"
"Copper River Seafoods — Seafood Processor","Salmon cannery processor at Copper River, AK; line work during sockeye run; free airfare and room/board reimbursed after season completion","YOU GET PAID","$17.91/hr regular, $26.87/hr OT. Transportation (round-trip airfare) and room/board ($10/day) reimbursed after season completed in good standing. Net: full gross wages during season; reimbursements at end","Unverified","Copper River area / Cordova, AK","~4–6 weeks during sockeye run (Jun–Jul 2026)","Post-HS (18+)","Open","Operating — 2026 hiring page active on Copper River Seafoods site","https://www.copperriverseafoods.com/join-our-team/"
"UniSea — Seafood Processor (Dutch Harbor)","Year-round processing plant in Dutch Harbor, AK; pollock and other groundfish; 6-month contracts, 12-hr shifts, 6 days/wk typical","YOU GET PAID","Wage advertised with OT structure; room/board deducted at $15/day on days working over 8 hrs. Dorm housing and cafeteria meals on-site. 6-month contract preferred — less suitable for pure summer gap year","Unverified","Dutch Harbor (Unalaska), AK","6-month contracts; hiring rolling throughout year","Post-HS (18+)","Open","Operating — UniSea seafood processor posting active Apr 2026","https://www.unisea.com/job/seafood-processor/"
"Mountain Roots Food Project — Registered Farming Apprenticeship","Two-year Registered Apprenticeship in regenerative agriculture in Colorado; paid wages with tiered increases; structured hands-on training","YOU GET PAID","Starting at $17/hr with tiered raises over 2-year program. Possible AmeriCorps housing, education, and professional development benefits. Training on regenerative agriculture practices","No referral economics","Colorado (Mountain Roots Food Project area)","2-year registered apprenticeship","Post-HS / Both","Open","Operating — listed on Mountain Roots site","https://www.mountainrootsfoodproject.org/beginning-farmer-training-program"
"Arkansas Valley Adventures — Rookie Raft Guide (Colorado)","Entry-level whitewater raft guide on Arkansas River, CO; rookie-friendly with guide training provided; tips supplement base hourly rate","YOU GET PAID","$15.16/hr + typically $10–$20/hr in tips (rookie guides). Optional employee camping at outpost (included). Higher compensation for experienced guides. Guide training assistance offered","Unverified","Arkansas River, Colorado (Idaho Springs area)","Summer season, May–Sep","Post-HS","Open (rookie-friendly)","Operating — 2026 posting confirmed","https://www.coolworks.com/colorado-outback-adventures-llc/highlighted-job/79467-raft-guide-99"
"Xanterra — Painter, Yellowstone","Seasonal painter for maintenance and upkeep of Yellowstone's lodge facilities; skilled trade role, highest-paying Xanterra entry position at Yellowstone","YOU GET PAID","$19.50–$25.75/hr (verified Feb 2026 CoolWorks posting). Housing deducted at $17/day (~$119/wk) including meals. Net for $22/hr, 40 hrs: ~$631/wk after housing. Trade experience helps","No verified referral bonus","Yellowstone National Park, WY","Seasonal, spring–fall","Post-HS / Both","Open (painting experience helpful)","Operating — Feb 2026 posting confirmed on CoolWorks","https://www.coolworks.com/yellowstone-national-park-lodges/highlighted-job/78521-painters-1"
"Grand Teton NPS — Interpretive Associate (via Teton Science Schools)","Interpretive Associate at Grand Teton National Park; visitor center, roving, ranger programs; funded through park partnership","YOU GET PAID","$19.52/hr, 40 hrs/wk. Housing available at a rent deduction (specific amount not indexed). Spring–late fall season","No referral bonus — federal/NPS partnership position","Grand Teton National Park, WY","Spring–late fall 2026","Post-HS / Both","Competitive","Operating — listed on NPS Grand Teton site; verify current openings","https://www.nps.gov/grte/learn/management/interpretiveassociates.htm"
"Alaska Coach Tours — Driver / Guide","Tour coach driver and guide for Alaska tourism routes; CDL required; referral bonus program verified for referring other drivers","YOU GET PAID","Pay unverified from employer's own page; CoolWorks profile active for summer 2026. CDL required. Housing provided. Referral bonus: $500 per referred driver hired (CoolWorks employer profile confirms)","Verified: $500 referral bonus for each referred driver hired (up to $750 per Alaska Coach Tours CoolWorks profile)","Alaska (Skagway and southeast AK routes)","Summer 2026 season","Post-HS (CDL required; min 21 in most states)","Open to qualified CDL holders","Operating — CoolWorks profile active summer 2026","https://www.coolworks.com/alaska-coach-tours/profile"
"Instituto de Español – Antigua Guatemala Language Schools","Antigua, Guatemala is home to dozens of Spanish immersion schools (examples: Proyecto Lingueístico Francisco Marroquín, Christian Spanish Academy, Celas Maya). Classic budget gap year option: 1:1 tuition 4–7 hours/day + homestay with 3 meals/day.","YOU PAY","Tuition + homestay: approximately $180–$350/week (1:1 tuition 5 days + homestay + 3 meals/day). Full semester (16 weeks): ~$2,880–$5,600 all-in. International flights to Guatemala City not included (~$400–$800). This is the most affordable structured gap language option in this table.","Individual Antigua schools typically pay 10–15% referral commission to registered agents and online directories. Some schools have published agent rate cards; most are private. Gap year advisors who recommend Antigua schools commonly receive commissions of $50–$200 per student enrolled. Mark: practice widely documented, specific rates vary by school.","Antigua, Guatemala (+ other cities: Quetzaltenango, etc.)","1–24 weeks (flexible)","Gap year / language learner, any age (programs exist for adults and teens)","Open enrollment","ACTIVE – Antigua language school market fully operational","https://www.salamander-travelschool.com/antigua-spanish-schools (representative aggregator)"
"Le Cordon Bleu – Short Culinary Courses","Paris-headquartered global culinary school network offering certificate and diploma programs in culinary arts and pâtisserie. Short courses (4–12 weeks) marketed to gap year students seeking a professional culinary foundation. Programs in Paris, London, Ottawa, Tokyo, Sydney, and other campuses.","YOU PAY","Basic Cuisine Certificate (4 weeks, Paris): approximately $8,000–$10,000. Full Cuisine Diploma (9 months): $40,000–$55,000. Short courses (1–2 weeks): $1,500–$4,000. International flights and Paris accommodation (very expensive) NOT included; Paris accommodation alone $1,500–$3,000/month. All-in for 4-week basic certificate: $12,000–$18,000. Mark: unverified 2026 price – confirm at cordonbleu.edu.","Le Cordon Bleu does not operate a consumer-facing IEC affiliate program. No published counselor commission structure. Mark: NO PUBLISHED COMMISSION – direct enrollment.","Paris (flagship); London, Ottawa, Tokyo, Sydney, Madrid, and other campuses","1 week (short course) to 9 months (diploma)","Gap year / post-secondary culinary training, ages 18+","Open enrollment; no prior experience required for basic certificate","ACTIVE – Le Cordon Bleu Paris and international campuses operating","https://www.cordonbleu.edu/paris/programs/en"
"Institute of Culinary Education (ICE) – Career Programs","New York and Los Angeles-based culinary school offering 6–9 month career programs in culinary arts, pastry and baking, and food media. Popular gap year option for students deferring college to pursue culinary training; externship component at NYC/LA restaurants.","YOU PAY","Career program tuition: approximately $35,000–$45,000 for 6–9 month program (tuition + fees; excludes housing). NYC/LA accommodation additional ($1,500–$3,500/month). All-in for 9-month program: $50,000–$75,000 in a high-cost city. Mark: unverified 2026 price – confirm at ice.edu.","ICE does not publish an IEC or gap year counselor commission program. No public affiliate structure found. Mark: NO PUBLISHED COMMISSION.","New York City (main campus) + Los Angeles","6–9 months","Gap year / career change, ages 18+","Application required; open enrollment (not academically selective)","ACTIVE – ICE operating in NYC and LA","https://www.ice.edu/programs"
"Fulbright U.S. Student Program","US government-funded scholarship program that pays for US graduates and young professionals to study, research, or teach abroad for one academic year. This is a stipend/grant program, not a paid program. Included here as a cross-reference because it is the most prominent postgrad program families compare against paid options.","YOU GET PAID","Participant receives full funding: tuition coverage, living stipend (varies by country), international flights, and health insurance. No cost to participant. Stipend varies: approximately $1,000–$3,000/month equivalent depending on host country cost of living.","NO REFERRAL ECONOMICS. Fulbright is administered by the US Department of State / IIE. Placement advisors at universities facilitate applications internally as academic advisors – no fee or commission paid externally. Mark: NO COMMISSION APPLICABLE.","155+ countries (placement determined by grant type and host country)","9–12 months (academic year)","Postgrad / post-bacc; must hold a BA degree at time of application","Highly competitive; US national selection process; acceptance rate typically 15–25% depending on country","ACTIVE – Fulbright 2026–27 application cycle open; confirm at us.fulbrightonline.org","https://us.fulbrightonline.org"
"Princeton Bridge Year Program","Princeton University's structured bridge year for incoming Princeton students: deferred enrollment, service placements in Bolivia, China, India, Indonesia, or Serbia. Fully funded by Princeton. Only available to Princeton admits who defer enrollment.","YOU GET PAID","Fully funded by Princeton: housing, stipend, flights, insurance, and program costs covered. No cost to participant who is a confirmed Princeton admit. Cost to Princeton: approximately $25,000–$35,000 per student.","NO REFERRAL ECONOMICS. University-run; no external agent or IEC commission structure. High school counselors facilitate college admission, not program referral. Mark: NO COMMISSION APPLICABLE.","Bolivia, China, India, Indonesia, or Serbia (varies by cycle)","9 months (academic year)","Bridge year for incoming Princeton freshmen only","Only available to Princeton admits who apply to defer; application + selection within admitted pool","ACTIVE – Princeton Bridge Year ongoing program","https://bridgeyear.princeton.edu"
"Rustic Pathways – Spanish Immersion Gap Semester","11-week Rustic Pathways gap semester specifically focused on Spanish language immersion across Costa Rica, Peru, and the Dominican Republic. Three homestay components, Spanish classes, and community service. Ages 17–22.","YOU PAY","Tuition: $17,645 (published on operator website for Spanish Immersion semester, 11 weeks). International flights additional (~$600–$1,500). Personal spending ~$150–$200/week. All-in estimate: $19,445–$21,745.","Same as all Rustic Pathways programs: no public IEC commission program published. Mark: practice unverified; sector norm 10–15% if informal arrangements exist.","Costa Rica, Peru, Dominican Republic (multi-country)","11 weeks","Post-high school, ages 17–22","Open enrollment with application","ACTIVE – Published on Rustic Pathways website with specific tuition","https://rusticpathways.com/gap-year/programs/spanish-immersion-and-service-2"
"ACA Whitewater Instructor Certification","American Canoe Association (ACA) whitewater kayak or canoe instructor certification; valued career certification for outdoor education and guide industry. Certifications range from Level 2 (beginner instructor) to Level 4/5 (expert whitewater). Often taken during gap year to enable paid guiding work.","YOU PAY","Level 2–3 Instructor courses: $500–$1,200 (2–4 days). Level 4–5 courses: $1,000–$2,500 (3–5 days). Courses include instruction and assessment fees. Paddle gear required (rental $50–$150/day). All-in for Level 3: approximately $1,000–$2,000.","ACA instructor courses are run by certified providers (paddling schools, outdoor education centers). No IEC commission structure. Mark: NO COMMISSION STRUCTURE.","Nationwide US; popular at Nantahala Outdoor Center (NC), NOLS (WY), and major river corridors","2–5 days per level","Career certification / gap year, ages 16+","Open enrollment; prerequisite paddle skills required","ACTIVE – ACA certification system operating","https://www.americancanoe.org/page/ITPCertificationPrograms"
"Leave No Trace Master Educator Course","LNT Center for Outdoor Ethics' flagship 5-day professional educator course; graduates are authorized to teach LNT principles to others, a credential required by many outdoor education employers. Widely taken during gap years by aspiring outdoor professionals.","YOU PAY","Course fee: $600–$900 (varies by provider and location). Includes all LNT materials and digital resources. Camping/accommodation typically included in field-based courses. Travel to course site is additional. All-in: $700–$1,500.","LNT courses are run by certified trainers and organizations (NOLS, REI, guide companies). No IEC commission structure. Mark: NO COMMISSION STRUCTURE.","Nationwide US (and some international); typically wilderness settings","5 days","Career certification / outdoor professional, ages 18+","Open enrollment; basic outdoor experience recommended","ACTIVE – LNT courses running through certified providers","https://lnt.org/learn/master-educator-course"
"Semester at Sea – Spring 2027 (for comparison with Spring gap year seekers)","Same floating university program as Fall 2026; Spring 2027 voyage for students who defer enrollment to spring. Listed separately to show pricing parity across semesters.","YOU PAY","Standard cabin: $34,900; Premium: $39,900. Same pricing structure as Fall 2026. International flights to embarkation NOT included. All-in: $36,900–$39,400.","Same as Fall 2026 entry: commission structure exists with institutional partners; rate private; sector norm 10–15%.","Ship-based; Spring 2027 route varies from Fall 2026","~100+ days (semester)","College-level / gap year post-high school","Selective; application required","OPEN FOR ENROLLMENT – Spring 2027 bookings open as of Aug 2026","https://www.semesteratsea.org/voyages/fall-2026/fees/"
"NOLS – Yellowstone Wilderness (Short Course, ages 18–22)","NOLS 30-day summer backpacking course in the Absaroka Range (Yellowstone border region); teaches wilderness leadership, navigation, LNT, and backcountry skills. Earns 6 college credits. Shorter option for gap year students who cannot commit to a full semester.","YOU PAY","Tuition: $7,110 (Jun 6–Jul 5, 2026). Equipment deposit: $400 (refundable). Fly to Riverton, WY. All-in estimate with domestic flights and gear: $8,000–$9,000.","NOLS does NOT pay counselor or IEC referral fees. Mark: NO COMMISSION PAID – explicit NOLS policy.","Yellowstone/Absaroka Range, Wyoming","30 days","Gap year / young adult, ages 18–22","Application required; rolling admissions","ACTIVE – Jun 2026 session confirmed with live pricing","https://www.nols.edu/course/exp/absaroka-backpacking-abw4/"
"Watson Fellowship","Andrew W. Mellon Foundation fellowship for graduating seniors from 41 partner US colleges; funds 1 year of independent exploration abroad on a project of the fellow's own design. $40,000 stipend + up to $5,000 for family emergencies. Requires that fellow NOT pursue formal academic study during the year.","YOU GET PAID","Fellow receives $40,000 stipend + up to $5,000 in emergency funds. No cost to fellow. Available only to seniors at the 41 Watson partner colleges (self-identifying on Watson's website). Fellowship paid to fellow for independent use.","NO REFERRAL ECONOMICS. Watson is awarded by the Mellon Foundation via campus nomination processes; no external agent or IEC commission. Advisors at Watson partner schools facilitate nomination. Mark: NO COMMISSION APPLICABLE.","Worldwide (fellow designs their own itinerary)","12 months","Postgrad / final-year college student at Watson partner school","Extremely competitive; each partner school nominates a limited cohort; national selection from that pool","ACTIVE – Watson 2026–27 fellows announced; applications at watsonfellowship.org","https://www.watsonfellowship.org"
"Sea|mester – Sailing Gap Semester","Sailing-based gap semester aboard private sailing vessels (50–88 ft), circumnavigating the Caribbean, Atlantic, or Pacific. Small groups of 12–16 students; combines seamanship, marine science, leadership, and cultural immersion. College credit available.","YOU PAY","Tuition: approximately $20,000–$28,000 per semester depending on voyage route and duration. Includes all onboard expenses (food, gear, instruction). International flights to embarkation NOT included. All-in estimate: $22,000–$30,000. Mark: unverified 2026 price – check seamester.com.","Sea|mester works with a small network of IECs and gap year counselors; commission structure exists but rates are not published publicly. Mark: practice exists, rate private (sector norm 10–15%).","Caribbean, Atlantic, Pacific (varies by semester; typical embarkation Florida or Caribbean)","Semester (10–16 weeks)","Post-high school gap year, ages 17–22","Application required; sailing experience not required","ACTIVE – Seamester.com operating; verify current voyage availability","https://seamester.com"
"AIFS – Study Abroad Semester (Gap Year Compatible)","American Institute For Foreign Study; one of the largest US study abroad operators. Offers semester programs in 30+ countries that gap year students use for language and cultural immersion. Credit-bearing programs structured around host university enrollment.","YOU PAY","Semester programs: approximately $13,000–$22,000 depending on destination (Europe typically higher). Includes housing, meals (plan), orientation, and program activities. International flights NOT included. All-in semester estimate: $15,000–$25,000. Mark: unverified 2026 price – confirm at aifabroad.com.","AIFS operates a formal high school and counselor partner program. Published scholarship opportunities exist for counselors to offer students ($500–$1,000 scholarship incentives); unclear if commissions flow to counselors vs. students. Mark: formal partner program confirmed; specific commission rate unverified.","30+ countries; major hubs in UK, France, Spain, Italy, Australia, New Zealand, South Africa","Semester (~14–16 weeks) or academic year","College-level / gap year, ages 18+","Application required; typically requires enrollment at accredited institution","ACTIVE – AIFS operating across 30+ programs","https://www.aifabroad.com"
"Volunteering Ethics Note: Orphanage Tourism / Unqualified Medical Volunteering","WARNING ENTRY – Not a single program but a documented category of harmful voluntourism practices. Multiple operators (some listed in this table) have historically offered: (1) orphanage volunteer placements condemned by UNICEF, Save the Children, and the sector's own bodies; (2) unqualified 'medical' volunteer placements letting untrained participants assist in clinical settings.","YOU PAY","Programs charging $1,000–$5,000+ for 2–4 week orphanage or medical placements (fees are paid regardless of ethical status).","ETHICAL FLAG: The highest commissions in voluntourism (sometimes 15–25%) are reportedly paid by operators offering high-demand but ethically questionable placements. IECs who recommend these programs generate the most referral income per placement, which creates a conflict of interest. The Gap Year Association and WYSETC recommend against orphanage placements and unqualified clinical placements. Mark: commission incentive directly conflicts with participant welfare.","Sub-Saharan Africa, Southeast Asia, Latin America primarily","1–4 weeks typically","All gap year stages (often marketed to high school students and incoming college freshmen)","Open enrollment; no qualifications required","ACTIVE but CONDEMNED – Orphanage and unqualified medical volunteering continue to be marketed in 2026 despite widespread condemnation from UNICEF, Save the Children, and GYA. Students should request operator documentation of host community benefit and ethical standards before booking any placement.","https://www.gapyearassociation.org/ethical-gap-year-volunteering/"
"Study abroad agent commission – Market-wide rate documentation","CROSS-REFERENCE ENTRY documenting the published commission economics for the study-abroad agent market that forms the backbone of paid gap year program referral economics. Included because this rate is the single most useful number in this table for gap year referral research.","NET NEUTRAL","Not a program. Cost to student: $0 (agent receives commission from operator, not student). However: students advised by commission-compensated IECs may be steered toward higher-commission operators.","PUBLISHED RATE (agl.ac, June 2026): Study abroad agent commission is 10%–20% of first-year tuition. UK/Australia universities pay 15–20% to remain competitive; US universities pay 10–15% because organic demand is higher. Volume tiers exist: base rate 10% escalating to 15–18% at 20–50+ students/intake. Flat fee alternative: $500–$1,500 per enrolled student regardless of tuition. Retention bonus: additional ~5% if student progresses to Year 2. Payment: after census date (3–6 weeks post-classes start), with 3–6 month total delay from visa to payout. Source: agl.ac/study-abroad-agent-commission-structures/ (June 11, 2026).","Worldwide","N/A – market-wide documentation","N/A","N/A","Active market; commission rates verified by published 2026 industry source","https://agl.ac/study-abroad-agent-commission-structures/"
"CIEE Gap Year – French Language & Culture (Paris/Nice)","CIEE gap year program specifically focused on French language immersion and cultural integration in Paris or Nice, France. Homestay placement, French language courses, and cultural programming. Popular for students targeting DELF/DALF certification.","YOU PAY","12-week program: approximately $18,950–$21,950 depending on city (Nice: ~$18,950; Paris: ~$21,950). Meals NOT included in fee (except homestay breakfasts/dinners). International flights NOT included. All-in estimate: $22,000–$26,000.","Same as all CIEE programs: agent/IEC commission structure exists; sector norm 10–15% of program fee. Mark: practice confirmed, rate private.","Paris, France or Nice, France","12 weeks (semester)","Post-high school gap year, ages 18+","Application required","ACTIVE – CIEE Fall 2026 and Spring 2027 French programs available","https://www.ciee.org/go-abroad/high-school-study-abroad/gap-year/programs"
"Carpe Diem Education – Latitudes Year (Full Year with College Credits)","Carpe Diem's year-long independent program for ages 17–22; student designs itinerary across 20+ countries with a Focused Volunteer Placement, language development, and community service. Earns up to 36 college credits through Carpe Diem's academic partners.","YOU PAY","Latitudes Year tuition: approximately $28,000–$32,000 (unverified 2026 price – Carpe Diem's website shows program but not published tuition; call for quote). Does not include international flights. All-in estimate: $30,000–$36,000.","Same as all Carpe Diem programs: sector norm 10–15% if informal IEC referrals exist; no public commission program. Carpe Diem's Access Scholarship ($5,000) and Inclusion Scholarship ($2,000) support student diversity – not counselor compensation.","20+ countries (student-chosen with Carpe Diem guidance)","Full year (~10–12 months)","Post-high school gap year, ages 17–22","Selective; application + personalized planning process required","ACTIVE – Carpe Diem website lists Latitudes Year as current offering","https://carpediemeducation.org/programs/latitudes-year/"
"Korean Language School (e.g., Sogang University KLEC, Yonsei KLI)","University-based Korean language immersion programs in Seoul; popular with gap year students interested in Korean culture (K-pop, K-drama, technology sector). Yonsei KLI and Sogang KLEC are the most prestigious; offer D-4 student visa pathway.","YOU PAY","Tuition: approximately $1,800–$2,500 per 10-week term (Yonsei KLI or Sogang KLEC). Two terms per year typical (spring + fall). Accommodation in Korea: $500–$1,500/month (on-campus or goshiwon). Meals: $300–$600/month. International flights (~$800–$1,500). All-in for two 10-week terms: $12,000–$18,000.","Korean university language programs do not operate IEC commission programs. Direct enrollment online. Mark: NO COMMISSION STRUCTURE.","Seoul, South Korea (Yonsei campus or Sogang campus)","10 weeks per term; 2–4 terms for full year","Gap year / language learner, ages 18+","Application required; some minimum prior Korean knowledge for upper levels","ACTIVE – Yonsei KLI and Sogang KLEC accepting international students","https://klec.sogang.ac.kr / https://yskli.com"
"IES Abroad – Language & Area Studies Semester (Sample: Barcelona)","IES Abroad (nonprofit) offers 70+ semester study abroad programs for college students, including gap year students with pre-college standing. Barcelona Language and Area Studies program is one of the most popular. Includes language instruction, internship option, and cultural excursions.","YOU PAY","Barcelona semester: approximately $20,000–$23,000 (tuition + housing; meals not included). International flights NOT included (~$800–$1,200). Meals additional (~$2,000–$3,000/semester). All-in estimate: $23,000–$27,000. Mark: unverified 2026 price – confirm at iesabroad.org.","IES Abroad operates a formal university/college partner program for financial aid integration; commission structure with institutional partners exists but rates are not published. Sector norm: 10–15% of program fee. Mark: practice exists, rate private.","Barcelona, Spain (one of 70+ programs worldwide)","Semester (~16 weeks)","College-level / gap year, ages 18+","Application required; typically requires college enrollment","ACTIVE – IES Abroad operating 70+ programs globally","https://www.iesabroad.org"